,MICE,KNN,Datawig,RNN
train_rmse,0.15952832278734616,0.16898507035047738,0.16272560867802163,0.2231198869531006
test_rmse,0.1506788183047728,0.15219079198704547,0.1471617452637258,0.23602076668696886
