,MICE,KNN,Datawig,RNN
train_rmse,0.09917173741788249,0.12024124831608027,0.12987649043727034,0.16407577272008364
test_rmse,0.1285009180273552,0.12484134004607625,0.12551396873227322,0.13295821639666783
