,MICE,KNN,Datawig,RNN
train_rmse,0.15857827791378235,0.14893029919321768,0.18311706277375017,0.30890778296190463
test_rmse,0.11041634256436514,0.0901557297766034,0.06258858393988802,0.2014294902089782
