,MICE,KNN,Datawig,RNN
train_rmse,0.23231790382126397,0.16022717607578588,0.1771747626694741,0.3854236750481398
test_rmse,0.21836306671880767,0.1798360620263674,0.16256099851385997,0.42257552585784036
