,MICE,KNN,Datawig,RNN
train_rmse,0.118545899899319,0.17564050591861435,0.24512195777006107,0.3694614523999944
test_rmse,0.12029896927920952,0.17920928292434643,0.16919577476614203,0.40557632983027453
