,MICE,KNN,Datawig,RNN
train_rmse,0.24629310132135157,0.26445108378726895,0.2616146717910797,0.31808940887809645
test_rmse,0.32660768632385045,0.34466418516626285,0.33725427301188726,0.38272470992272967
