,MICE,KNN,Datawig,RNN
train_rmse,0.2811107170209372,0.3298350757246448,0.28092810974558385,0.31123066353045536
test_rmse,0.3458514327823044,0.3599552120478894,0.3486640398202264,0.34584770078463367
