,MICE,KNN,Datawig,RNN
train_rmse,0.22464007196724212,0.13676187760245773,0.1440706266444153,0.3397906536362521
test_rmse,0.1889248208295934,0.12135748846933073,0.13599132498449484,0.4484650453481844
