,MICE,KNN,Datawig,RNN
train_rmse,0.11896482881480061,0.12656550004635492,0.15674009415203888,0.35437081277977267
test_rmse,0.10575111788255272,0.1334120600082501,0.12550573541778043,0.37595728430730946
