,MICE,KNN,Datawig,RNN
train_rmse,0.13095720459650997,0.11738738188006967,0.12198386057886804,0.3828801711211547
test_rmse,0.1419628494663892,0.12900847572506696,0.12173276833213792,0.46202860225773595
