,MICE,KNN,Datawig,RNN
train_rmse,0.2824451503768937,0.2658744513786428,0.25330519861470396,0.41033877968806654
test_rmse,0.2517788718850126,0.27086308634342315,0.2605033488282058,0.3649555212262553
