,MICE,KNN,Datawig,RNN
train_rmse,0.18271257420912979,0.16203913886404425,0.17246699547878164,0.3653323928468144
test_rmse,0.13116922503360762,0.11731591075860598,0.12702706574626918,0.3667278408336629
