,MICE,KNN,Datawig,RNN
train_rmse,0.2691124995873272,0.2234806362409188,0.2520518950193445,0.2993669422253678
test_rmse,0.26068767572903917,0.22808971398156996,0.22881741721181986,0.2974200839001532
