,MICE,KNN,Datawig,RNN
train_rmse,0.21260297643672152,0.10242199248241601,0.1455872438140716,0.3879367305668031
test_rmse,0.21030192486543056,0.10097261426147827,0.13733030307596694,0.4303124873992098
