,MICE,KNN,Datawig,RNN
train_rmse,0.0581203130926515,0.12404791934497286,0.17658717125739937,0.3647155290568835
test_rmse,0.057166632275657644,0.1219656870990526,0.10754120125161121,0.3982256998897359
