,MICE,KNN,Datawig,RNN
train_rmse,0.0965977422204235,0.13435542732500588,0.15981252723137046,0.3731129372246824
test_rmse,0.09636776987633626,0.14275783753760946,0.11947388219142638,0.4205693348992352
