,MICE,KNN,Datawig,RNN
train_rmse,0.1611386187922293,0.08856298418854903,0.12078307694182079,0.3974483009706417
test_rmse,0.16256029241062062,0.08567817853860034,0.11276715711450166,0.44026450521947774
