,MICE,KNN,Datawig,RNN
train_rmse,0.2542112797615109,0.2567760463382868,0.2490854018428703,0.3744895156391228
test_rmse,0.26361818613555155,0.27872048783536113,0.27061095199447516,0.4531039110054599
