,MICE,KNN,Datawig,RNN
train_rmse,0.24167914244183067,0.2807145887235974,0.25193011068804066,0.27553044244051655
test_rmse,0.25796023267781637,0.24821559242840568,0.30576181739925185,0.29567853645152264
