,MICE,KNN,Datawig,RNN
train_rmse,0.2762671243109728,0.3022765924704102,0.2956442943205095,0.3830144057474115
test_rmse,0.2775273042442245,0.303567881935622,0.29635327839855913,0.4077856313547151
