,MICE,KNN,Datawig,RNN
train_rmse,0.288454565264523,0.3100124949601526,0.28992803174935455,0.41902582696041435
test_rmse,0.2730449514170676,0.2868068716288944,0.27237613019657925,0.41164396208479404
