,MICE,KNN,Datawig,RNN
train_rmse,0.17339305894592383,0.2131961637255325,0.2576484418167936,0.28762213096369205
test_rmse,0.23806538683936296,0.3286501901996646,0.2795775928618094,0.3443118125689949
