,MICE,KNN,Datawig,RNN
train_rmse,0.18069329310596438,0.10819226957151422,0.16911474206209437,0.2936357884730753
test_rmse,0.17315705869152853,0.09476660544914972,0.11241171447248931,0.32186012773686395
