,MICE,KNN,Datawig,RNN
train_rmse,0.2948430651719412,0.30051413425768214,0.2739375761973009,0.31250666713190406
test_rmse,0.2904782968230272,0.2698997176466435,0.2741709855710783,0.2780162282934196
