,MICE,KNN,Datawig,RNN
train_rmse,0.23808490821606124,0.21447723622696394,0.2773792697286979,0.32818738305086115
test_rmse,0.23790186322637696,0.21450713589961204,0.23159788729300562,0.3442480993811278
