,MICE,KNN,Datawig,RNN
train_rmse,0.2546703807376118,0.26760619376859285,0.2595568343760028,0.3647137592746956
test_rmse,0.2599232363718537,0.27021764985728136,0.2446743139458204,0.3909374676046921
