,MICE,KNN,Datawig,RNN
train_rmse,0.16609309639342038,0.2618067010281262,0.24212062645271584,0.3006917260887839
test_rmse,0.11622927844382265,0.14853454563566976,0.1646641038797208,0.19807652206660153
