,MICE,KNN,Datawig,RNN
train_rmse,0.2328090771144709,0.22503058358487024,0.2248906392005286,0.29761496150271916
test_rmse,0.14445563870385128,0.12804284457364742,0.1309647886535558,0.2383678563349947
