,Time Interpolation,Spline Interpolation,LOCF,RNN
A.csv,"{'train_rmse': 0.20120294720407486, 'test_rmse': 0.08596584160848521}","{'train_rmse': 0.28215846229360625, 'test_rmse': 0.12602746078440383}","{'train_rmse': 0.21648705445397068, 'test_rmse': 0.08336864238811592}","{'train_rmse': 0.2513213331671626, 'test_rmse': 0.07457321183906492}"
AAL.csv,"{'train_rmse': 0.11891788863665531, 'test_rmse': 0.031865037839490754}","{'train_rmse': 0.18218221046066949, 'test_rmse': 0.14659487772399185}","{'train_rmse': 0.13479116762060409, 'test_rmse': 0.04522233534512564}","{'train_rmse': 0.1639712451038933, 'test_rmse': 0.0909045326988621}"
