,Time Interpolation,Spline Interpolation,LOCF,RNN
A.csv,"{'train_rmse': 0.20120294720407486, 'test_rmse': 0.08596584160848521}","{'train_rmse': 0.28215846229360625, 'test_rmse': 0.12602746078440383}","{'train_rmse': 0.21648705445397068, 'test_rmse': 0.08336864238811592}","{'train_rmse': 0.2513213331671626, 'test_rmse': 0.07457321183906492}"
AAL.csv,"{'train_rmse': 0.11891788863665531, 'test_rmse': 0.031865037839490754}","{'train_rmse': 0.18218221046066949, 'test_rmse': 0.14659487772399185}","{'train_rmse': 0.13479116762060409, 'test_rmse': 0.04522233534512564}","{'train_rmse': 0.1639712451038933, 'test_rmse': 0.0909045326988621}"
AAP.csv,"{'train_rmse': 0.20089418636996736, 'test_rmse': 0.14057131289380762}","{'train_rmse': 0.19477278824705488, 'test_rmse': 0.22861741820619977}","{'train_rmse': 0.2143009680359281, 'test_rmse': 0.16882150440015536}","{'train_rmse': 0.19903356718367002, 'test_rmse': 0.15209146426219058}"
AAPL.csv,"{'train_rmse': 0.08438346465625461, 'test_rmse': 0.1734188261851401}","{'train_rmse': 0.11128829726108955, 'test_rmse': 0.18615487114152954}","{'train_rmse': 0.08556688835999109, 'test_rmse': 0.24304044912477146}","{'train_rmse': 0.11698594435922736, 'test_rmse': 0.19369915503877846}"
ABBV.csv,"{'train_rmse': 0.11229003960517552, 'test_rmse': 0.13632429476291574}","{'train_rmse': 0.15577181442977375, 'test_rmse': 0.1693303378794986}","{'train_rmse': 0.1123743220212707, 'test_rmse': 0.12402583407251659}","{'train_rmse': 0.1192896790744197, 'test_rmse': 0.1528559701093614}"
ABC.csv,"{'train_rmse': 0.1761425760859557, 'test_rmse': 0.10622190957246373}","{'train_rmse': 0.18897672045765582, 'test_rmse': 0.13307890815651596}","{'train_rmse': 0.20835010641483234, 'test_rmse': 0.12181620798985048}","{'train_rmse': 0.22681608452986582, 'test_rmse': 0.1246224004944234}"
