,train_rmse,test_rmse
Time Interpolation,0.14635831623905346,0.11275242170550204
Spline Interpolation,0.19068308576209198,0.12973444545789306
LOCF,0.16698996128060192,0.13424325661574896
RNN,0.16363098662637185,0.13211729072085687
