,train_rmse,test_rmse
Time Interpolation,0.15281315444335025,0.10831092096762791
Spline Interpolation,0.17985608804419018,0.16179044165015163
LOCF,0.1410168143583326,0.11955753936638429
RNN,0.20750354649925878,0.13841118236837827
