,train_rmse,test_rmse
Time Interpolation,0.10380039384748543,0.10390002757948692
Spline Interpolation,0.13564254900642914,0.1378914609779569
LOCF,0.0846696634898816,0.12395347113869838
RNN,0.20494430786880513,0.15168534623522625
