,train_rmse,test_rmse
Time Interpolation,0.12138493140279615,0.03333626122060522
Spline Interpolation,0.1867424724258415,0.09525953671224338
LOCF,0.19271279889119847,0.04683296380638101
RNN,0.2584421099794391,0.06751199628038464
