,train_rmse,test_rmse
Time Interpolation,0.09070336157806946,0.1125485522176484
Spline Interpolation,0.15985576594070197,0.16262517526727427
LOCF,0.11084864257370726,0.11534061630754969
RNN,0.16614285417831226,0.17144117723368463
