,train_rmse,test_rmse
Time Interpolation,0.0921947457027784,0.09420143534392476
Spline Interpolation,0.10569615992106136,0.11030507752630395
LOCF,0.0927759843137023,0.12315459816108573
RNN,0.24348400461868738,0.1092504380173553
