,train_rmse,test_rmse
Time Interpolation,0.1108491251952918,0.10723081172357658
Spline Interpolation,0.21189621021857447,0.160770133331251
LOCF,0.08490998783557048,0.11432274475460444
RNN,0.17312505338239642,0.15522458834064465
