,train_rmse,test_rmse
Time Interpolation,0.1173171995841649,0.10700241392413738
Spline Interpolation,0.14057628834140537,0.18264847900994688
LOCF,0.12637917731877715,0.11240525049670344
RNN,0.1664004903013751,0.13481463847592692
