,train_rmse,test_rmse
Time Interpolation,0.11975657465818941,0.08045940712750586
Spline Interpolation,0.22142054772958095,0.18792324066273755
LOCF,0.1249974469757728,0.09505846232629879
RNN,0.21316814882521692,0.13233518048089057
