,train_rmse,test_rmse
Time Interpolation,0.09291809487737546,0.11157225770650782
Spline Interpolation,0.14476295882071535,0.1201256060962361
LOCF,0.09477169631772442,0.11947358023317034
RNN,0.13849595281909477,0.09250057151746871
