,train_rmse,test_rmse
Time Interpolation,0.18395947670539017,0.19786481281636628
Spline Interpolation,0.2020536562132674,0.21688699169957812
LOCF,0.1813434761789286,0.19834397965338896
RNN,0.22958699791146533,0.20572397899871303
