,train_rmse,test_rmse
Time Interpolation,0.06187602646070731,0.05822103448030599
Spline Interpolation,0.17923737619733426,0.11758282063301083
LOCF,0.06911444042389332,0.06598710785224518
RNN,0.0962453187667467,0.07871906094763426
