,train_rmse,test_rmse
Time Interpolation,0.10578305679671775,0.10687165398418132
Spline Interpolation,0.13195543850694097,0.17840883545431246
LOCF,0.22273222834480638,0.13722095335580947
RNN,0.1692449943039791,0.1244126563783704
