,train_rmse,test_rmse
Time Interpolation,0.050851464032865015,0.0629678226953315
Spline Interpolation,0.0990269078798202,0.1675954149464369
LOCF,0.05539868828018139,0.06618388502799098
RNN,0.07962375126875057,0.08093243630549528
