,train_rmse,test_rmse
Time Interpolation,0.05626492565548835,0.0950015731393309
Spline Interpolation,0.16148830990114657,0.21476856682350925
LOCF,0.07074812278339605,0.13232422821549447
RNN,0.1574940941304583,0.15680473279611848
