,train_rmse,test_rmse
Time Interpolation,0.08972972429197508,0.11306833494673706
Spline Interpolation,0.17555746797884378,0.17290652836688644
LOCF,0.10211907038874782,0.15116651113033294
RNN,0.2201145531528747,0.17121450044205191
