,train_rmse,test_rmse
Time Interpolation,0.1138766526388441,0.12437892074564975
Spline Interpolation,0.17063423588388912,0.1636208223374245
LOCF,0.1348698541022073,0.1729642426330185
RNN,0.16011841004218316,0.12964968013744527
