,train_rmse,test_rmse
Time Interpolation,0.1596494304214468,0.08295456226768769
Spline Interpolation,0.19639955621033628,0.14109444152776088
LOCF,0.16877354280268686,0.09358521332929112
RNN,0.2053081590268721,0.11877125722979284
