,train_rmse,test_rmse
Time Interpolation,0.11048073136096592,0.13324043516721898
Spline Interpolation,0.17039783925129223,0.195479833667974
LOCF,0.1083453124295118,0.15112581877127104
RNN,0.14684619235257945,0.16803979117734674
