,train_rmse,test_rmse
Time Interpolation,0.08749273096632937,0.035483281618735006
Spline Interpolation,0.19381659219402322,0.09566735904118347
LOCF,0.1357750684694659,0.044982540710024964
RNN,0.12305657102294441,0.12168065444247857
