,train_rmse,test_rmse
Time Interpolation,0.10906420136906957,0.07389786314165701
Spline Interpolation,0.11184372592140761,0.12201337272328514
LOCF,0.13832213710269287,0.08064504678346575
RNN,0.23844907742159757,0.10600518922127163
