,train_rmse,test_rmse
Time Interpolation,0.10496441548452985,0.11440869523483967
Spline Interpolation,0.15340028941317443,0.15810462261104882
LOCF,0.11598501675369946,0.1417585928589477
RNN,0.1642977561841326,0.12782471625338657
