,train_rmse,test_rmse
Time Interpolation,0.0955381679784953,0.05001622406546534
Spline Interpolation,0.1629482442747734,0.104540874042688
LOCF,0.1054486768628948,0.09174399145861169
RNN,0.15410877688752728,0.07414485018931073
