,train_rmse,test_rmse
Time Interpolation,0.04433089464482116,0.09246434512748021
Spline Interpolation,0.08885743530794035,0.14832741886987394
LOCF,0.03356370406224821,0.10380462461489548
RNN,0.13458500544515478,0.15553556151700418
