,train_rmse,test_rmse
Time Interpolation,0.1410492163676115,0.03414026231501273
Spline Interpolation,0.18266435293271763,0.1128433554720467
LOCF,0.14591067091327317,0.043134128675801235
RNN,0.2043744069343434,0.06561700847616234
