,train_rmse,test_rmse
Time Interpolation,0.0618945043853007,0.054727635529218444
Spline Interpolation,0.12315848019807449,0.11772743834043865
LOCF,0.07126609617302727,0.07931133811463033
RNN,0.10433701408378492,0.06632227519506928
