,train_rmse,test_rmse
Time Interpolation,0.051243083396837856,0.13422952294897983
Spline Interpolation,0.07817305157705202,0.1803360708077372
LOCF,0.057808130899219386,0.13827268543819177
RNN,0.190358251158735,0.16011444498051325
