,train_rmse,test_rmse
Time Interpolation,0.15061145447823782,0.09382759558756756
Spline Interpolation,0.14611456079580853,0.11851462500280537
LOCF,0.10594986011000716,0.11552704515093203
RNN,0.16956742186002716,0.1414942925123475
