,train_rmse,test_rmse
Time Interpolation,0.20383475051257,0.09891364770242761
Spline Interpolation,0.2486662864121385,0.19030316307007727
LOCF,0.22431524852000176,0.10734991368806475
RNN,0.2669077434074113,0.12631637760995876
