,train_rmse,test_rmse
Time Interpolation,0.11305264842594547,0.0776974943286377
Spline Interpolation,0.15759794719210785,0.1600268926422492
LOCF,0.156221315893656,0.08327962992508466
RNN,0.1774183226707759,0.1464313867874132
