,train_rmse,test_rmse
Time Interpolation,0.11727872132756592,0.11085412496067877
Spline Interpolation,0.1182122150525108,0.1855989729401777
LOCF,0.17113949432801398,0.1388802042621381
RNN,0.23554273089142583,0.14635810634873364
