,train_rmse,test_rmse
Time Interpolation,0.15891711800010405,0.11313586177912135
Spline Interpolation,0.16800108179546738,0.17716529869558656
LOCF,0.1521747393494388,0.13717860981956853
RNN,0.26316072418174113,0.13345868312341982
