,train_rmse,test_rmse
Time Interpolation,0.07785840402270403,0.040376929541723484
Spline Interpolation,0.13992601075133923,0.08575716715994565
LOCF,0.09390612276236524,0.04945315872923981
RNN,0.1394732175658071,0.06346496268789277
