,train_rmse,test_rmse
Time Interpolation,0.07558951130812079,0.0966544663919813
Spline Interpolation,0.13680750073172857,0.15690314783915196
LOCF,0.08548118731631403,0.11343140303437609
RNN,0.13897363043193117,0.13482091053706985
