,train_rmse,test_rmse
Time Interpolation,0.10565135301572735,0.09246077584365375
Spline Interpolation,0.13042224115279744,0.12991989581391444
LOCF,0.11790052736415776,0.11321115998355939
RNN,0.16755725990839251,0.11441529850904986
