,train_rmse,test_rmse
Time Interpolation,0.10636680072259516,0.1313766890987022
Spline Interpolation,0.11733622506433765,0.2602295673833251
LOCF,0.15479153563579806,0.1413620418290744
RNN,0.14349089526173925,0.15694872900861398
