,train_rmse,test_rmse
Time Interpolation,0.08052402113180032,0.07140206274977963
Spline Interpolation,0.11775722448108782,0.16599172677747562
LOCF,0.08297453803249542,0.05625439981958802
RNN,0.15800116466778633,0.17329589642541957
