,train_rmse,test_rmse
Time Interpolation,0.07514980824588059,0.07192844271607808
Spline Interpolation,0.07350214801704993,0.10262452311606264
LOCF,0.05401122508662581,0.12370124923628001
RNN,0.1419215537219701,0.09856292411458431
