,train_rmse,test_rmse
Time Interpolation,0.06565198843714239,0.10495657132713787
Spline Interpolation,0.13035854749600642,0.14286637785143735
LOCF,0.09831389857365787,0.12497585450108059
RNN,0.15608593761595882,0.18118687982045997
