,train_rmse,test_rmse
Time Interpolation,0.08700415307592592,0.07217070024266038
Spline Interpolation,0.07836143431502747,0.12336413650324411
LOCF,0.09489006091019049,0.09867077622776861
RNN,0.13978119212947296,0.05863980938720966
