,train_rmse,test_rmse
Time Interpolation,0.13161558270612445,0.10382737308430538
Spline Interpolation,0.19567234031010367,0.15578550426864038
LOCF,0.1450309766361755,0.11978039907325076
RNN,0.2006226650021866,0.16483351889879644
