,train_rmse,test_rmse
Time Interpolation,0.13642378670728325,0.038116971323648365
Spline Interpolation,0.15820769107949947,0.0839829801628892
LOCF,0.14284177368690348,0.05729150424225409
RNN,0.19431246099634275,0.07987995776543436
