,train_rmse,test_rmse
Time Interpolation,0.09974915474672628,0.07485982872299728
Spline Interpolation,0.14412981604029237,0.16580215335825807
LOCF,0.14391312242077553,0.09427103304790328
RNN,0.22972873528786258,0.11035625037025885
