,train_rmse,test_rmse
Time Interpolation,0.07636154206886211,0.11126737058719756
Spline Interpolation,0.17522804209657145,0.16447564119108402
LOCF,0.09595255064090684,0.1312976933862723
RNN,0.17927941681599574,0.1983967869577039
