,train_rmse,test_rmse
Time Interpolation,0.07387308795120714,0.17531341944372483
Spline Interpolation,0.1062880483542725,0.16771749407787517
LOCF,0.070299247429955,0.12608226654407317
RNN,0.14097632671786897,0.15592947740439794
