,train_rmse,test_rmse
Time Interpolation,0.11309556535718365,0.09598275272648903
Spline Interpolation,0.162239105651698,0.1311414590278679
LOCF,0.1759060477765328,0.10957246804231738
RNN,0.1861777828355557,0.12262209747908996
