,train_rmse,test_rmse
Time Interpolation,0.09296194100021268,0.06716652996055614
Spline Interpolation,0.1358611811015627,0.17476449419901288
LOCF,0.14548930406319208,0.08632923390471661
RNN,0.18793726487678622,0.11337929152422946
