,train_rmse,test_rmse
Time Interpolation,0.1685690020299344,0.10001830293739238
Spline Interpolation,0.21342149696500032,0.13765169637979843
LOCF,0.1739169936664184,0.1422422426684274
RNN,0.23059423215251837,0.13200722259509015
