,train_rmse,test_rmse
Time Interpolation,0.12440043869935156,0.08144470151393059
Spline Interpolation,0.15587915925421883,0.1047102978683041
LOCF,0.12695623287274735,0.08796497973610504
RNN,0.2499029158773706,0.108843999933104
