,train_rmse,test_rmse
Time Interpolation,0.11002176082918193,0.07107170379189885
Spline Interpolation,0.13338462565912643,0.19285995173725617
LOCF,0.08435965185563697,0.08904306790720488
RNN,0.24785075174731178,0.10656700189034159
