,train_rmse,test_rmse
Time Interpolation,0.17975443945867192,0.0687500506544338
Spline Interpolation,0.22954985858707463,0.11943664078603196
LOCF,0.19206652816280442,0.0702132091456986
RNN,0.2635942169212212,0.07998938572240134
