,train_rmse,test_rmse
Time Interpolation,0.02717900735604715,0.0868395951100241
Spline Interpolation,0.09698217998384466,0.22314507197292416
LOCF,0.031014294466241894,0.09596215943137884
RNN,0.11332051978461442,0.10812637494328851
