,train_rmse,test_rmse
Time Interpolation,0.08695555516760123,0.029438731481730273
Spline Interpolation,0.11290806425337739,0.08162597336740669
LOCF,0.12214585132344273,0.03432956579033615
RNN,0.13708777225663993,0.054827387427004756
