,train_rmse,test_rmse
Time Interpolation,0.08927137126051321,0.08005213055580784
Spline Interpolation,0.1467589712379107,0.16558673402384033
LOCF,0.11290669800619324,0.11382491093595205
RNN,0.20059715488444033,0.13859957177643692
