,train_rmse,test_rmse
Time Interpolation,0.034929021846872875,0.051292809530985646
Spline Interpolation,0.0953788239414897,0.167396883103863
LOCF,0.04265951680721629,0.07080693718494832
RNN,0.1302907300963467,0.08266022115567459
