,train_rmse,test_rmse
Time Interpolation,0.07917607074404096,0.04384368595855404
Spline Interpolation,0.1735947174847349,0.13870397556251174
LOCF,0.09610269547856706,0.05495101577180613
RNN,0.1494806356216459,0.08602435072354549
