,train_rmse,test_rmse
Time Interpolation,0.12737614018591872,0.04733512660594841
Spline Interpolation,0.10268321356125136,0.10641030576265116
LOCF,0.09321887367388516,0.08666581710628567
RNN,0.13628970717276784,0.11634324948735512
