,train_rmse,test_rmse
Time Interpolation,0.08081595173063146,0.1161653015090595
Spline Interpolation,0.18012834523325996,0.157962725148519
LOCF,0.0864860137043639,0.12696936420267185
RNN,0.1541192366399151,0.1582673934211956
