,train_rmse,test_rmse
Time Interpolation,0.07138648602451271,0.12051302596163259
Spline Interpolation,0.10519284344125213,0.17627078211695643
LOCF,0.0754483017220494,0.13712786214798306
RNN,0.16209439331485836,0.1448302118594022
