,train_rmse,test_rmse
Time Interpolation,0.015925136910966666,0.03824028185373821
Spline Interpolation,0.07239807260734102,0.11584508075588287
LOCF,0.04126154598705039,0.05240415258641028
RNN,0.1076312371630553,0.08551925618489524
