,train_rmse,test_rmse
Time Interpolation,0.1532274043485635,0.12148196319566831
Spline Interpolation,0.19316718425337379,0.1034888496994669
LOCF,0.18302456370565362,0.07410467238188637
RNN,0.2778814800095721,0.0898413510734715
