,train_rmse,test_rmse
Time Interpolation,0.08742753030762176,0.051736994840384076
Spline Interpolation,0.18751469304672144,0.12275351692801498
LOCF,0.03859355727754122,0.06369320945342036
RNN,0.12484098833471759,0.10488907773536482
