,train_rmse,test_rmse
Time Interpolation,0.1717889779643668,0.12098572524924964
Spline Interpolation,0.2173614530606227,0.2691836097688275
LOCF,0.18934524259226,0.1327913033111219
RNN,0.22103090760142566,0.19711591113876675
