,train_rmse,test_rmse
Time Interpolation,0.04954973848574292,0.08554781955924831
Spline Interpolation,0.10277897565780665,0.2269002624444292
LOCF,0.059523405368777156,0.1094303344728579
RNN,0.11832785283690803,0.1945354083949918
