,train_rmse,test_rmse
Time Interpolation,0.1176171875516157,0.10487758664377793
Spline Interpolation,0.21125659349287834,0.22406215370085875
LOCF,0.147310965749141,0.12041766727392826
RNN,0.18991695192491648,0.1750003749497894
