,train_rmse,test_rmse
Time Interpolation,0.12518266869139466,0.25261587776161826
Spline Interpolation,0.17296703645755532,0.34846817679859443
LOCF,0.15290209418538606,0.2710554969958955
RNN,0.20888510376391117,0.3189535344992372
