,train_rmse,test_rmse
Time Interpolation,0.04392007329521793,0.11895270813861544
Spline Interpolation,0.1247299492927464,0.19270389375460686
LOCF,0.043294774523872814,0.14082507690174595
RNN,0.16652499699213172,0.16138687085253117
