,train_rmse,test_rmse
Time Interpolation,0.02530104720468122,0.04557139915351544
Spline Interpolation,0.06823016798718959,0.1105269230146708
LOCF,0.044967585785515116,0.060434788067476444
RNN,0.07999343267815351,0.0795331817391822
