,train_rmse,test_rmse
Time Interpolation,0.16800322748884863,0.08586097722113219
Spline Interpolation,0.21692302882875383,0.14336303300984696
LOCF,0.20296182016968786,0.11708408235615488
RNN,0.23233805175182898,0.12715094182909034
