,train_rmse,test_rmse
Time Interpolation,0.27328888739731755,0.0964081664275667
Spline Interpolation,0.29050439884236173,0.15443070047213428
LOCF,0.292731857668254,0.1001164628761549
RNN,0.351746471156629,0.1406847088301037
