,train_rmse,test_rmse
Time Interpolation,0.1004773047969069,0.04704234031260694
Spline Interpolation,0.11458448261756679,0.10681258643061532
LOCF,0.13832824335241772,0.06963480846094612
RNN,0.13111503117347728,0.08237874331716719
