,train_rmse,test_rmse
Time Interpolation,0.03152747043028004,0.04374848314376247
Spline Interpolation,0.155156019477904,0.1339057095885428
LOCF,0.037014735609132446,0.06072878064271283
RNN,0.105259018336638,0.08703642483103842
