,train_rmse,test_rmse
Time Interpolation,0.0922114865877629,0.10892758432119079
Spline Interpolation,0.13319208861632667,0.1489410647649739
LOCF,0.0961801251338696,0.11733630397089183
RNN,0.17010446992812558,0.13284881070286664
