,train_rmse,test_rmse
Time Interpolation,0.10048504788096765,0.08326016240154924
Spline Interpolation,0.17580561181148951,0.14906403255660708
LOCF,0.10396320900033558,0.07730497723778794
RNN,0.20065506903505503,0.149788616962301
