,train_rmse,test_rmse
Time Interpolation,0.09136248419269603,0.01980735186619865
Spline Interpolation,0.13825144116845844,0.05336733841754891
LOCF,0.09536683332516947,0.02376156347430037
RNN,0.1284545146932087,0.0623412326382627
