,train_rmse,test_rmse
Time Interpolation,0.04024828873020475,0.027771437470004327
Spline Interpolation,0.17466346500739993,0.06446131696676828
LOCF,0.04955166980816307,0.035566171024761076
RNN,0.11316354254825947,0.09045744224788031
