,train_rmse,test_rmse
Time Interpolation,0.09534872205435245,0.07740545315229608
Spline Interpolation,0.12761298430978565,0.09540661028670308
LOCF,0.10200955973660439,0.12313669812824446
RNN,0.13036953852996583,0.06168641704401483
