,train_rmse,test_rmse
Time Interpolation,0.08321043785765807,0.11291954739662836
Spline Interpolation,0.10988555244244029,0.18646198226869143
LOCF,0.1274801600582747,0.1147655925492551
RNN,0.15741403271718338,0.1321661411702465
