,train_rmse,test_rmse
Time Interpolation,0.05328503914293788,0.04624691602897911
Spline Interpolation,0.10967202397033647,0.206112889062721
LOCF,0.06624680822870649,0.10596841966986345
RNN,0.2027962574956282,0.09189163367072736
