,train_rmse,test_rmse
Time Interpolation,0.08857075273786781,0.0838304080402266
Spline Interpolation,0.1631206367450751,0.10469104262952587
LOCF,0.10922475841341277,0.12296447664530476
RNN,0.13843880750597126,0.08728693752990158
