,train_rmse,test_rmse
Time Interpolation,0.12444823384961803,0.1890280928623918
Spline Interpolation,0.16545697841687476,0.23488384043049965
LOCF,0.08715400259277098,0.1523016252551255
RNN,0.11683496511303326,0.15576931463566626
