,train_rmse,test_rmse
Time Interpolation,0.09290727180176593,0.17412380658878332
Spline Interpolation,0.1206469240871632,0.12645821236486082
LOCF,0.10234015990254172,0.08502690332285916
RNN,0.16974363994338423,0.10657403049637841
