,train_rmse,test_rmse
Time Interpolation,0.20735764936341106,0.10563840701509866
Spline Interpolation,0.2265395918382989,0.1935881368304053
LOCF,0.22099525545730828,0.12613161301465103
RNN,0.26656021414613473,0.1334536911717249
