,train_rmse,test_rmse
Time Interpolation,0.05877504392838714,0.050318145542305355
Spline Interpolation,0.06184144742568487,0.11985497442105274
LOCF,0.037942753415151804,0.060847609343131374
RNN,0.06587861419902243,0.1109628365413117
