,train_rmse,test_rmse
Time Interpolation,0.09975428768057719,0.12935019164661668
Spline Interpolation,0.1550365159672805,0.17969209029348493
LOCF,0.09542807000347299,0.12267912454607151
RNN,0.28275179259055105,0.14090965901666003
