,train_rmse,test_rmse
Time Interpolation,0.04655212026879342,0.02398255916018147
Spline Interpolation,0.1234645622954728,0.09952645630440556
LOCF,0.05914868473424512,0.03078278010179168
RNN,0.09850988757400633,0.04630105662909915
