,train_rmse,test_rmse
Time Interpolation,0.09705692966722741,0.14049547848759528
Spline Interpolation,0.2073188182752042,0.21246285835329287
LOCF,0.13261896765377507,0.1607853143182547
RNN,0.19263643776452674,0.16919055680989015
