,train_rmse,test_rmse
Time Interpolation,0.09192776634186901,0.1017615631872515
Spline Interpolation,0.13242658821638278,0.1357703059657349
LOCF,0.1448339661429142,0.09453715939108608
RNN,0.23927598764811156,0.12852179348029807
