,train_rmse,test_rmse
Time Interpolation,0.1497558455432056,0.11982362954540109
Spline Interpolation,0.20824033125758312,0.15212552871992677
LOCF,0.2109727010306655,0.13187331342371064
RNN,0.28721396547472267,0.15875953261195502
