,train_rmse,test_rmse
Time Interpolation,0.0454398132959943,0.06831799002338036
Spline Interpolation,0.10081474895658905,0.18833067599324024
LOCF,0.05018641573933887,0.06544727997217539
RNN,0.07802732770899865,0.062013154740713165
