,train_rmse,test_rmse
Time Interpolation,0.1576247852710125,0.09434732122435564
Spline Interpolation,0.2156163474212145,0.2034961574316046
LOCF,0.16103701455943614,0.11502559676866835
RNN,0.24630490958789958,0.1448941427043409
