,train_rmse,test_rmse
Time Interpolation,0.02885190624565212,0.08828288450954871
Spline Interpolation,0.09183661501123966,0.19284019219625823
LOCF,0.034807530725444784,0.10837226984904498
RNN,0.17470069571497995,0.1503126451110622
