,train_rmse,test_rmse
Time Interpolation,0.04403029366011429,0.07494578229830062
Spline Interpolation,0.11573668998951606,0.13470380050169145
LOCF,0.05363167089608521,0.07125110204835099
RNN,0.1086606017904737,0.09541021713300346
