,train_rmse,test_rmse
Time Interpolation,0.053334482938976406,0.11969342723095876
Spline Interpolation,0.17229069065050856,0.1999394135102645
LOCF,0.061864138753948215,0.13996469513755455
RNN,0.18697371869638485,0.13541838105182297
