,train_rmse,test_rmse
Time Interpolation,0.16320821671467686,0.10110727437180776
Spline Interpolation,0.11806258637706317,0.15747037640890252
LOCF,0.06420149609340792,0.12018137976556845
RNN,0.14108268454844955,0.1179204358739298
