,train_rmse,test_rmse
Time Interpolation,0.15356804005476368,0.07705533244092562
Spline Interpolation,0.17718671512389075,0.1785875070877224
LOCF,0.1686480093206138,0.11137203917005532
RNN,0.24258539227044934,0.09375545178639612
