,train_rmse,test_rmse
Time Interpolation,0.021093061193660664,0.12314221666678578
Spline Interpolation,0.10066333979058219,0.17935244745128134
LOCF,0.023035959430129455,0.1305065604656715
RNN,0.06771574395530852,0.19666688187739995
