,train_rmse,test_rmse
Time Interpolation,0.07575924007918869,0.12302915268805632
Spline Interpolation,0.10147831305783331,0.165286621678437
LOCF,0.08347399856783075,0.12404127528178652
RNN,0.15709183403772306,0.13875999056820293
