,train_rmse,test_rmse
Time Interpolation,0.10484319219215717,0.07311137933378618
Spline Interpolation,0.12884931382281728,0.1690215691647717
LOCF,0.1136123945906824,0.12206252233813683
RNN,0.14698627290739424,0.10625496223477558
