,train_rmse,test_rmse
Time Interpolation,0.07279397596620008,0.1918097003087572
Spline Interpolation,0.14312018682582703,0.19803039717050822
LOCF,0.07841358631055219,0.11658791702221492
RNN,0.20458040040093772,0.18422251994767752
