,train_rmse,test_rmse
Time Interpolation,0.08635882328256764,0.11692785704234697
Spline Interpolation,0.14672722410462627,0.1462542363006293
LOCF,0.08873858694836133,0.1468974997397162
RNN,0.1690999583385068,0.13027594266368273
