,train_rmse,test_rmse
Time Interpolation,0.11862248061432171,0.08340339167268083
Spline Interpolation,0.16327223990338954,0.12354351113959963
LOCF,0.14155418065268208,0.1085428721660867
RNN,0.17510808986052342,0.0924714980514704
