,train_rmse,test_rmse
Time Interpolation,0.09047234948614159,0.12521271872053188
Spline Interpolation,0.12644679057017877,0.1762705109979926
LOCF,0.10610963386127815,0.15076284874108273
RNN,0.1430050853071617,0.13686562690744353
