,train_rmse,test_rmse
Time Interpolation,0.10934123527332427,0.09944469240204598
Spline Interpolation,0.15567790836347514,0.1611758629593039
LOCF,0.1219347515807875,0.10811916709542098
RNN,0.1791696126986652,0.10915653214834439
