,train_rmse,test_rmse
Time Interpolation,0.12780023419612224,0.06505761899504763
Spline Interpolation,0.1987527722305035,0.12837784202988126
LOCF,0.14970074449339377,0.09549017166884077
RNN,0.15978059623773233,0.1216180178092557
