,train_rmse,test_rmse
Time Interpolation,0.1459155196810807,0.10549064441084346
Spline Interpolation,0.16076863803258062,0.17317025544351747
LOCF,0.18887142282904282,0.09239654338449695
RNN,0.21503954174938458,0.13833667131685645
