,train_rmse,test_rmse
Time Interpolation,0.10121729849508827,0.07653341633299773
Spline Interpolation,0.1458166628585496,0.13260053374223243
LOCF,0.15689188891139594,0.10232356910760407
RNN,0.16759683399508904,0.11931325918410378
