,train_rmse,test_rmse
Time Interpolation,0.12204190099252486,0.034747164228535625
Spline Interpolation,0.15184082491478326,0.11743162355830679
LOCF,0.1600593587025829,0.044296098272077665
RNN,0.14673142085478094,0.04826724806362405
