,train_rmse,test_rmse
Time Interpolation,0.07623643769649717,0.10943999223409331
Spline Interpolation,0.10391088963564878,0.17382162670556728
LOCF,0.08986803724378116,0.12283126900437856
RNN,0.15192474231942102,0.16364549973899
