,train_rmse,test_rmse
Time Interpolation,0.02977277441894179,0.06598805479629208
Spline Interpolation,0.07409372433191562,0.14494839972402415
LOCF,0.03912929089350882,0.08048537238382981
RNN,0.176344337775097,0.11092945840051983
