,train_rmse,test_rmse
Time Interpolation,0.16639841298489083,0.08895900663551826
Spline Interpolation,0.2143478746811212,0.1297795504374919
LOCF,0.17925574351295057,0.10343721503583561
RNN,0.24194550306181478,0.14361398535414946
