,train_rmse,test_rmse
Time Interpolation,0.08927990387020635,0.1408583863067623
Spline Interpolation,0.1523648921871445,0.16527867030003549
LOCF,0.09917726778261293,0.20820188658750016
RNN,0.12516463068189682,0.09411750113267328
