,train_rmse,test_rmse
Time Interpolation,0.17656597630485235,0.10016915202824839
Spline Interpolation,0.19344932234523432,0.16672847242982444
LOCF,0.20167455662406872,0.1089573437602608
RNN,0.22701977404526422,0.11439414183261869
