,train_rmse,test_rmse
Time Interpolation,0.07294980392707928,0.17355392182362236
Spline Interpolation,0.168590047672156,0.2024375833303427
LOCF,0.09314460560499681,0.17719331708052857
RNN,0.1602489436677559,0.23529221313758167
