,train_rmse,test_rmse
Time Interpolation,0.21713284784773826,0.10647731756210864
Spline Interpolation,0.14972538519242276,0.2184337287985285
LOCF,0.22441094679976198,0.1103922926465798
RNN,0.18336037822222537,0.1953373237896084
