,train_rmse,test_rmse
Time Interpolation,0.0916996814680618,0.09553432595704081
Spline Interpolation,0.10417490958721141,0.1323500797753384
LOCF,0.08252492670189958,0.10342804422513363
RNN,0.16460660077056186,0.11446513360071375
