,train_rmse,test_rmse
Time Interpolation,0.08506428374469574,0.09666554700154893
Spline Interpolation,0.12759567906044184,0.1245229998217983
LOCF,0.09974802336542335,0.11996188876885751
RNN,0.17886850802620144,0.11904617789709485
