,train_rmse,test_rmse
Time Interpolation,0.09240621118515338,0.035694551471401374
Spline Interpolation,0.10001876857797805,0.11461369730837981
LOCF,0.11651494064071484,0.05593481605249563
RNN,0.19218755359303946,0.07876228185891744
