,train_rmse,test_rmse
Time Interpolation,0.06922316943720185,0.07257515664434754
Spline Interpolation,0.12427182954490434,0.15972741997172815
LOCF,0.06134475162587307,0.09407322186586783
RNN,0.2319827819903584,0.0963618058238617
