,train_rmse,test_rmse
Time Interpolation,0.05134688026890636,0.18397535628377515
Spline Interpolation,0.15743952308465972,0.30697614396586503
LOCF,0.08707314786157726,0.1952871111593734
RNN,0.22864326484684527,0.235898180115609
