,train_rmse,test_rmse
Time Interpolation,0.034691978956799596,0.03710564547297718
Spline Interpolation,0.08932760188748116,0.11522195817218975
LOCF,0.04822379614960011,0.048452938274245794
RNN,0.07902270810072447,0.06306216036044428
