,train_rmse,test_rmse
Time Interpolation,0.10523861971132135,0.09389713332788487
Spline Interpolation,0.18525544701013277,0.15447782398959836
LOCF,0.11653595308988551,0.047336615585849166
RNN,0.12047788059518652,0.08023881350013687
