,train_rmse,test_rmse
Time Interpolation,0.03748593041055098,0.09084462898954897
Spline Interpolation,0.11449751053235654,0.16844260458512128
LOCF,0.046356467557578905,0.09649998209964121
RNN,0.14753176236256835,0.1188608766195923
