,train_rmse,test_rmse
Time Interpolation,0.16944001630506048,0.06360434759701199
Spline Interpolation,0.18311760461379095,0.11232879586750437
LOCF,0.18818777240797863,0.08088130524233282
RNN,0.2721854300062087,0.07800251532069838
