,train_rmse,test_rmse
Time Interpolation,0.12817821426009832,0.11183123486574469
Spline Interpolation,0.14622224282957705,0.157487069958226
LOCF,0.14196015431267145,0.1462593970622601
RNN,0.2864556735103213,0.1205901826831278
