,train_rmse,test_rmse
Time Interpolation,0.049440259270576256,0.0935429110977116
Spline Interpolation,0.10953015342276516,0.16642331285041473
LOCF,0.039110801920538715,0.12623395657522873
RNN,0.13039594689692205,0.15003665843277933
