,train_rmse,test_rmse
Time Interpolation,0.13813644151676027,0.1010130752329325
Spline Interpolation,0.14432815970492735,0.18438727777038894
LOCF,0.17890519026716611,0.11205112683559253
RNN,0.1519695483511751,0.11280658787215
