,train_rmse,test_rmse
Time Interpolation,0.13166904698588056,0.08385183689308986
Spline Interpolation,0.1233267587232088,0.15284658881933266
LOCF,0.08618172368266443,0.08955200330308877
RNN,0.1794510335668301,0.14369194537444765
