,train_rmse,test_rmse
Time Interpolation,0.1006454399407305,0.1213699446905239
Spline Interpolation,0.1334984924225359,0.1563944818694045
LOCF,0.09191739686939805,0.11834934220138926
RNN,0.16010185315851574,0.1250486726258611
