,train_rmse,test_rmse
Time Interpolation,0.07548443615704403,0.10575424448912082
Spline Interpolation,0.13753816536668187,0.22482158600313187
LOCF,0.09073695133443264,0.14089404179268153
RNN,0.18837501554384778,0.18325604901062273
