,train_rmse,test_rmse
Time Interpolation,0.08019490417494679,0.10852920610314411
Spline Interpolation,0.11652632697541535,0.17933699395095978
LOCF,0.08679691776952891,0.12314578694586406
RNN,0.2058303922822397,0.14241988041187115
