,train_rmse,test_rmse
Time Interpolation,0.03738110418493993,0.06436358684657448
Spline Interpolation,0.09277430978706855,0.1507131121508766
LOCF,0.04618877498485129,0.07699447320404944
RNN,0.07836283439877959,0.08434362409737349
