,train_rmse,test_rmse
Time Interpolation,0.09829437726552191,0.11877680963151296
Spline Interpolation,0.14091791732009895,0.17387795242833495
LOCF,0.09938085403647305,0.10503787868348449
RNN,0.2321759892404871,0.1691181653865399
