,train_rmse,test_rmse
Time Interpolation,0.033281576459450894,0.024848429849687926
Spline Interpolation,0.06306929387240001,0.11536477397484224
LOCF,0.039877835462662214,0.02210853138946805
RNN,0.06796487848070229,0.05761558169377111
