,train_rmse,test_rmse
Time Interpolation,0.06266404936702699,0.13432385106571476
Spline Interpolation,0.12160374693531259,0.16281462541955652
LOCF,0.062231593686526865,0.16606631392914067
RNN,0.1684849391631519,0.1571259444383029
