,train_rmse,test_rmse
Time Interpolation,0.05085920059616343,0.10460890444117148
Spline Interpolation,0.11241977914504021,0.21247018089557373
LOCF,0.05826679786251517,0.13024196999457222
RNN,0.13097003874113947,0.2240370718223604
