,train_rmse,test_rmse
Time Interpolation,0.08072737478876849,0.09514986352562084
Spline Interpolation,0.12474926701071018,0.11827569114416854
LOCF,0.09159632281254441,0.1168719159374649
RNN,0.14210845682027162,0.11336798449276526
