,train_rmse,test_rmse
Time Interpolation,0.09057277967646751,0.09933025886592725
Spline Interpolation,0.12226002031851142,0.20041289246892213
LOCF,0.09673654626780578,0.1303082503182824
RNN,0.15185866413469823,0.14117170484113742
