,train_rmse,test_rmse
Time Interpolation,0.052040855094982116,0.09196955681881279
Spline Interpolation,0.10015663966617523,0.13876087624252845
LOCF,0.06128742750318396,0.1086478161207801
RNN,0.18364564808595005,0.1298649095943414
