,train_rmse,test_rmse
Time Interpolation,0.08333707515155134,0.11175974937317197
Spline Interpolation,0.132378753112754,0.1456547641339871
LOCF,0.10056483558685657,0.14223750475178082
RNN,0.15966602898948992,0.1464845547697822
