,train_rmse,test_rmse
Time Interpolation,0.05963096324555135,0.04176279740173815
Spline Interpolation,0.13031965207765675,0.13165356380489648
LOCF,0.06188279219168703,0.04684781857450711
RNN,0.09220299499830305,0.061518200719618006
