,train_rmse,test_rmse
Time Interpolation,0.12048345850948679,0.09610150104205263
Spline Interpolation,0.17905789789181187,0.1305714060128089
LOCF,0.1288315495667242,0.0924352451015872
RNN,0.21742196988519005,0.1411819347743626
