,train_rmse,test_rmse
Time Interpolation,0.03980521664287486,0.04192468261290149
Spline Interpolation,0.0883139985902129,0.09944822907001113
LOCF,0.04907296111919724,0.05396253156966581
RNN,0.114900331993126,0.0653192107497715
