,train_rmse,test_rmse
Time Interpolation,0.12930547521729333,0.17178146943048495
Spline Interpolation,0.1622268569403716,0.17544506669978338
LOCF,0.14670483603502374,0.26077859775282713
RNN,0.1764281069667934,0.1297761548218708
