,train_rmse,test_rmse
Time Interpolation,0.16209382473525338,0.09060844071557428
Spline Interpolation,0.19815900689039237,0.13824503461083923
LOCF,0.1797822631840167,0.11636795122687968
RNN,0.22430855975586209,0.1269256926893792
