,train_rmse,test_rmse
Time Interpolation,0.12263558368733155,0.13969049480555282
Spline Interpolation,0.11882820599781892,0.22982251455881744
LOCF,0.05758606353892765,0.14390672477390773
RNN,0.17307460834858146,0.18366428752654465
