,train_rmse,test_rmse
Time Interpolation,0.102815597636842,0.1298948283437146
Spline Interpolation,0.11884704664342423,0.180727977040857
LOCF,0.11029778548859182,0.12656834175682669
RNN,0.1750542941323858,0.1527680126622731
