,train_rmse,test_rmse
Time Interpolation,0.17677491404076845,0.09517910075861095
Spline Interpolation,0.27596470578509635,0.1899182016350026
LOCF,0.19198089196546847,0.10945095804128283
RNN,0.23461308530529257,0.16964065187412342
