,train_rmse,test_rmse
Time Interpolation,0.16197720029507787,0.046202336849781665
Spline Interpolation,0.23533972064004818,0.09449211046473267
LOCF,0.17169898067383,0.06074462227706585
RNN,0.2005511315320298,0.11110907628496336
