,train_rmse,test_rmse
Time Interpolation,0.12465492349606612,0.24007661518080908
Spline Interpolation,0.14554449101133718,0.2671296933837783
LOCF,0.1706467488513532,0.25385721181391735
RNN,0.17738765206079457,0.27780666043059393
