,train_rmse,test_rmse
Time Interpolation,0.07916396487668839,0.05199695900455704
Spline Interpolation,0.1253296855063613,0.1231464990086729
LOCF,0.08624916720302436,0.059180176556537144
RNN,0.11171131747957698,0.08712645436751877
