,train_rmse,test_rmse
Time Interpolation,0.054851474980799494,0.1014460416864723
Spline Interpolation,0.14335675763474878,0.18503475478967682
LOCF,0.06281360084191033,0.11036177894017832
RNN,0.15966459626567003,0.16088664182035295
