,train_rmse,test_rmse
Time Interpolation,0.09685138404267299,0.060150290294334975
Spline Interpolation,0.12247325308216024,0.11503729891038328
LOCF,0.07585506064317424,0.07997601393734362
RNN,0.17460471116493217,0.1482431780614998
