,train_rmse,test_rmse
Time Interpolation,0.1450844106200994,0.12123858816412347
Spline Interpolation,0.1957392566807568,0.24264652088496638
LOCF,0.1676990279071924,0.12394863849587441
RNN,0.2021262973826852,0.13778800039954173
