,train_rmse,test_rmse
Time Interpolation,0.08095293475779226,0.08944812854886616
Spline Interpolation,0.1636413097235176,0.19313498652072586
LOCF,0.09430653712426885,0.13206802598026698
RNN,0.15345598709624692,0.1401040476932585
