,train_rmse,test_rmse
Time Interpolation,0.18539366897778428,0.04104436902279866
Spline Interpolation,0.24074257387135337,0.1709706346468083
LOCF,0.19675867452721338,0.05083624710850943
RNN,0.2518422905583851,0.06248966038913593
