,train_rmse,test_rmse
Time Interpolation,0.05662389142497012,0.12575879059257405
Spline Interpolation,0.06864930710058487,0.1629281742278837
LOCF,0.0738641691719544,0.14804863659582426
RNN,0.1198836410082305,0.15181139326326307
