,train_rmse,test_rmse
Time Interpolation,0.06445023574368322,0.05924172503172385
Spline Interpolation,0.10384326784703458,0.09244487974649543
LOCF,0.09045930645964342,0.08191124641238612
RNN,0.11021675310247595,0.1353481125761127
