,train_rmse,test_rmse
Time Interpolation,0.11197054548181108,0.0743009576953935
Spline Interpolation,0.18851539703658424,0.15063202451379704
LOCF,0.08758327211208462,0.0986189994711413
RNN,0.15273048470063458,0.12778707868543734
