,train_rmse,test_rmse
Time Interpolation,0.07323340893867707,0.0660188232732882
Spline Interpolation,0.12673944869389875,0.15839334509052616
LOCF,0.07180334060664015,0.09423260627520211
RNN,0.11442039643664066,0.09261967457141192
