,train_rmse,test_rmse
Time Interpolation,0.05037366759205851,0.07677247136811181
Spline Interpolation,0.09954357116255004,0.1281703999701104
LOCF,0.09319425102162246,0.10732470008466335
RNN,0.14177026578855476,0.07654600895658839
