,train_rmse,test_rmse
Time Interpolation,0.1577830724050217,0.04999051666270377
Spline Interpolation,0.2651073085168114,0.13180859392788274
LOCF,0.18106161874146778,0.05655574678154656
RNN,0.2100683587352594,0.044200690351204344
