,train_rmse,test_rmse
Time Interpolation,0.17573743648689025,0.04820066065028515
Spline Interpolation,0.2598674637833907,0.1128377154898451
LOCF,0.17580810025083501,0.04622082038112596
RNN,0.20935152446744637,0.03571423958014748
