,train_rmse,test_rmse
Time Interpolation,0.09115552474328478,0.10189673849314598
Spline Interpolation,0.10513707851266396,0.12458171584449595
LOCF,0.09474546525632342,0.09996284529641127
RNN,0.12543602892893885,0.1541482011654715
