,train_rmse,test_rmse
Time Interpolation,0.12015523301357425,0.1052065291403914
Spline Interpolation,0.11113298850135081,0.21960815776794299
LOCF,0.15978899227427973,0.1286338501762068
RNN,0.13899559905660025,0.1131907825295573
