,train_rmse,test_rmse
Time Interpolation,0.04672676494396143,0.22025928825712207
Spline Interpolation,0.10210320439231164,0.26405298554128
LOCF,0.052792189225143095,0.22698653605804045
RNN,0.10498272676172803,0.23442380434327795
