,train_rmse,test_rmse
Time Interpolation,0.16819230503370391,0.0942488702314229
Spline Interpolation,0.21597802396744403,0.14238880911831478
LOCF,0.29820723080140127,0.07427182742290053
RNN,0.17336649822701736,0.09043031707407137
