,train_rmse,test_rmse
Time Interpolation,0.1524941549064494,0.08901279189992017
Spline Interpolation,0.17690606942603912,0.14376299376651142
LOCF,0.20210806443964052,0.09634599253741571
RNN,0.20843103375306674,0.10529281968805619
