,train_rmse,test_rmse
Time Interpolation,0.14871602913819965,0.10711948838061824
Spline Interpolation,0.23933578392549687,0.22170278224665357
LOCF,0.1500250116584021,0.13068773892785907
RNN,0.22415305455958082,0.1688008147626469
