,train_rmse,test_rmse
Time Interpolation,0.11089953951570626,0.12898392389509206
Spline Interpolation,0.1652480516349289,0.26179919120328626
LOCF,0.09857898317485368,0.152620750140423
RNN,0.2346489937188562,0.14315504723398606
