,train_rmse,test_rmse
Time Interpolation,0.1684276632921191,0.12330234128279471
Spline Interpolation,0.18021766270169898,0.19395184845534072
LOCF,0.16469866810797626,0.1329020679869073
RNN,0.22499552756532254,0.1342945237259814
