,train_rmse,test_rmse
Time Interpolation,0.10952550910212988,0.12419511191513093
Spline Interpolation,0.1279023477764743,0.18752002841200863
LOCF,0.17713189790323355,0.15274333285123173
RNN,0.14829307067420786,0.21989312600699276
