,train_rmse,test_rmse
Time Interpolation,0.10280356364426478,0.0903542162623899
Spline Interpolation,0.2517967907438408,0.14888948754683984
LOCF,0.11017729478746645,0.1047631985317852
RNN,0.19307981916471628,0.1513630090491458
