,train_rmse,test_rmse
Time Interpolation,0.13790174854243734,0.04768076231057269
Spline Interpolation,0.17863241345398845,0.09342950126123964
LOCF,0.17997942172853382,0.05946601611222946
RNN,0.14589692168668963,0.0846980329541432
