,train_rmse,test_rmse
Time Interpolation,0.05230652324292571,0.0427653948027116
Spline Interpolation,0.12630693126185719,0.08496244811426244
LOCF,0.08855873332648592,0.07563398668549715
RNN,0.11650949154776848,0.05255510904139835
