,train_rmse,test_rmse
Time Interpolation,0.02239326200642908,0.0422171770803228
Spline Interpolation,0.07023631851980425,0.1077236903982618
LOCF,0.02812590671198521,0.053759842142024075
RNN,0.10686220589503823,0.13634724824936154
