,train_rmse,test_rmse
Time Interpolation,0.05426609601843375,0.03690819436562517
Spline Interpolation,0.06830377941680257,0.09931289087981435
LOCF,0.09203245528673551,0.04843737725992923
RNN,0.12576223684295,0.127664830714144
