,train_rmse,test_rmse
Time Interpolation,0.1515709195356471,0.1299173154466807
Spline Interpolation,0.1441044428613693,0.1863540280778098
LOCF,0.20306369839367752,0.13817897601361456
RNN,0.2265019063766839,0.1499081018578153
