,train_rmse,test_rmse
Time Interpolation,0.18371309144578252,0.11886858203087665
Spline Interpolation,0.20700178078442963,0.19691520533193912
LOCF,0.1934691212167398,0.14309432462119828
RNN,0.26881159964326873,0.14113827334890108
