,train_rmse,test_rmse
Time Interpolation,0.08848952713581326,0.11428738306241441
Spline Interpolation,0.18621639575958635,0.1697104894466574
LOCF,0.10089448317989103,0.14667802627877352
RNN,0.1828756203675235,0.12535883394120337
