,train_rmse,test_rmse
Time Interpolation,0.10386781404569999,0.10850240132458552
Spline Interpolation,0.22004775994755815,0.18150140304096968
LOCF,0.1292631087553792,0.14401005644950168
RNN,0.15908833923641624,0.11359226328544668
