,train_rmse,test_rmse
Time Interpolation,0.10464805584595827,0.109228065023209
Spline Interpolation,0.13818757241801852,0.17569151422406
LOCF,0.08206767095686886,0.12103826305753128
RNN,0.2252827089206364,0.1547823950726189
