,train_rmse,test_rmse
Time Interpolation,0.18259399929552053,0.09352061533421928
Spline Interpolation,0.24293613513641674,0.2103220260467117
LOCF,0.20657574399146084,0.1143701112897194
RNN,0.2398144150896142,0.14885129900891722
