,train_rmse,test_rmse
Time Interpolation,0.10133117714013522,0.11002451877026316
Spline Interpolation,0.14087462080364707,0.18597634632503215
LOCF,0.11123026335902837,0.12524160981410828
RNN,0.1672512214763382,0.13967402413921684
