,train_rmse,test_rmse
Time Interpolation,0.150019447677495,0.10069023138417846
Spline Interpolation,0.23483048474510304,0.19541594501818063
LOCF,0.17469018556233126,0.1352864757146428
RNN,0.21729535576543846,0.17297390869428972
