,train_rmse,test_rmse
Time Interpolation,0.07769764779286707,0.1130695730446961
Spline Interpolation,0.09623848387758802,0.13468458391281168
LOCF,0.119693100746764,0.14207126290449637
RNN,0.09237625182833123,0.14257232975716264
