,train_rmse,test_rmse
Time Interpolation,0.17121949523161847,0.08057430193710961
Spline Interpolation,0.25231762523162204,0.12061868919739682
LOCF,0.1869781427604595,0.1010946296853751
RNN,0.2530186016958876,0.15524308472705967
