,train_rmse,test_rmse
Time Interpolation,0.2024639508576687,0.10073314150579804
Spline Interpolation,0.23190127771204846,0.1888106533871401
LOCF,0.24542537151679647,0.11140677313036614
RNN,0.23949504471472918,0.1348297882612362
