,train_rmse,test_rmse
Time Interpolation,0.23865316431303052,0.11525687871331802
Spline Interpolation,0.37983667224977896,0.22006923762298009
LOCF,0.25752973660992706,0.15959435635210525
RNN,0.29687277433979675,0.15148572905591234
