,train_rmse,test_rmse
Time Interpolation,0.08564805376542609,0.12450564197442461
Spline Interpolation,0.09665348314763562,0.20100214601838645
LOCF,0.11561402681939874,0.16492402688467905
RNN,0.10165232141476788,0.1538436159903826
