,train_rmse,test_rmse
Time Interpolation,0.031618098362267234,0.06618852547394995
Spline Interpolation,0.13356869521780357,0.137139719135223
LOCF,0.04294635303413086,0.081872861520064
RNN,0.162066602311183,0.09311699191967815
