,train_rmse,test_rmse
Time Interpolation,0.03665037820963512,0.08621729156376852
Spline Interpolation,0.13843270465117036,0.09168030361630376
LOCF,0.045904091873598896,0.04187302885376239
RNN,0.1940059952684238,0.05799197586390942
