,train_rmse,test_rmse
Time Interpolation,0.11236518352208927,0.08219037297458558
Spline Interpolation,0.15111769546609946,0.11767179560843555
LOCF,0.09432389976088328,0.08181344726729807
RNN,0.21726756710970083,0.10506255981561162
