,train_rmse,test_rmse
Time Interpolation,0.1259150522094364,0.11225618707675579
Spline Interpolation,0.21202198994327728,0.19128865473922466
LOCF,0.15202608891931005,0.1736131476520342
RNN,0.19076665097131834,0.09556625588913295
