,train_rmse,test_rmse
Time Interpolation,0.10475900270143086,0.09242404106092851
Spline Interpolation,0.16843917215574103,0.1671396750253391
LOCF,0.11856457727138045,0.11090238106654393
RNN,0.19481280831928754,0.1331673421304667
