,train_rmse,test_rmse
Time Interpolation,0.11048165027419352,0.2529131209934891
Spline Interpolation,0.11778899059641135,0.29274968714800337
LOCF,0.15172411714487952,0.2717546246022754
RNN,0.16681203452342194,0.2734721091971782
