,train_rmse,test_rmse
Time Interpolation,0.03388800001760665,0.043269555895638565
Spline Interpolation,0.07571710812857292,0.16695131670886348
LOCF,0.03272564250675578,0.06084028987647715
RNN,0.1811124095602151,0.07276043237073618
