,train_rmse,test_rmse
Time Interpolation,0.2359770477009099,0.09487861266601914
Spline Interpolation,0.26227191841859404,0.24947282646693256
LOCF,0.30854794314690354,0.12747730516780528
RNN,0.25664709258769874,0.1457181344942535
