,train_rmse,test_rmse
Time Interpolation,0.20458479577938013,0.10332277573352189
Spline Interpolation,0.2559158232709156,0.12797157655162003
LOCF,0.21062482906715796,0.10862403456526527
RNN,0.28067049601189215,0.1447644028931668
