,train_rmse,test_rmse
Time Interpolation,0.13640315755561438,0.08381813718984481
Spline Interpolation,0.23131732580144856,0.133488001723505
LOCF,0.14233266627349378,0.09070427745556532
RNN,0.22871726866997433,0.12497208949917339
