,train_rmse,test_rmse
Time Interpolation,0.10028582191793108,0.15135727198262192
Spline Interpolation,0.2544870091500414,0.24134737353113306
LOCF,0.11427359962632956,0.17608979218891158
RNN,0.14679798535660296,0.13536746980505573
