,train_rmse,test_rmse
Time Interpolation,0.0869612117895054,0.10390049450020947
Spline Interpolation,0.1509956419299397,0.20703449873552157
LOCF,0.09764414284277786,0.13339802477010793
RNN,0.2227108263519672,0.15989367625032205
