,train_rmse,test_rmse
Time Interpolation,0.07301945345032533,0.12108312112210691
Spline Interpolation,0.10663143356629091,0.202333807844008
LOCF,0.11440475088016588,0.15813196476718483
RNN,0.1975381043238251,0.19994934267777098
