,train_rmse,test_rmse
Time Interpolation,0.0597682091260653,0.023369407626659615
Spline Interpolation,0.06941144777002893,0.0933093950706415
LOCF,0.10313173630765507,0.025049985107249935
RNN,0.09913546311173783,0.03085359447682569
