,train_rmse,test_rmse
Time Interpolation,0.14949415344898517,0.0676007957948858
Spline Interpolation,0.12299768903417949,0.10977628637704395
LOCF,0.09834898506743558,0.07769713388874104
RNN,0.2581055797550558,0.13054529817383626
