,train_rmse,test_rmse
Time Interpolation,0.10342067724515513,0.09557421538186196
Spline Interpolation,0.15872814619036155,0.18859947147607753
LOCF,0.11554153399701628,0.11037486648014753
RNN,0.1928631069444716,0.16900519789235915
