,train_rmse,test_rmse
Time Interpolation,0.03205187056839266,0.06999815898480767
Spline Interpolation,0.09245137626631003,0.20126319729929695
LOCF,0.04348614104060981,0.08484480327597399
RNN,0.12389390400876311,0.10127068622969113
