,train_rmse,test_rmse
Time Interpolation,0.09668380454833914,0.05815401586533823
Spline Interpolation,0.13373884417013915,0.16233484631211859
LOCF,0.05903760744724573,0.12376669518225228
RNN,0.12982556744786258,0.06295896226631217
