,train_rmse,test_rmse
Time Interpolation,0.1503545660088657,0.10839091091076468
Spline Interpolation,0.22890924502971538,0.14686273668303867
LOCF,0.16315606867968782,0.12882251971957276
RNN,0.2355691189552725,0.12156414118884909
