,train_rmse,test_rmse
Time Interpolation,0.06858332925057829,0.08856299111006963
Spline Interpolation,0.08951007456900008,0.14001614192308634
LOCF,0.11648772411904038,0.11995634212221228
RNN,0.1904292405391557,0.09037383252741882
