,train_rmse,test_rmse
Time Interpolation,0.12932028055529565,0.2111198927889623
Spline Interpolation,0.13439154100914386,0.2821836609661097
LOCF,0.18528324850927844,0.2139185626747544
RNN,0.21492087590134362,0.31423213809064515
