,train_rmse,test_rmse
Time Interpolation,0.14625352514378426,0.09023364085041045
Spline Interpolation,0.2591818666238383,0.14734963710310459
LOCF,0.15603821389937172,0.12176527097871195
RNN,0.2325874324067932,0.14212364423354112
