,train_rmse,test_rmse
Time Interpolation,0.04401045360088037,0.03705424242180038
Spline Interpolation,0.07751509720495653,0.0969607267278221
LOCF,0.055347268758514,0.057347335236614665
RNN,0.07141091932018175,0.08536629053690452
