,train_rmse,test_rmse
Time Interpolation,0.039823141717039094,0.13427557815909047
Spline Interpolation,0.12413798644854257,0.2058732822790259
LOCF,0.05065926445505188,0.1635194695919637
RNN,0.08633900860423657,0.16235336912844794
