,train_rmse,test_rmse
Time Interpolation,0.11488380120611096,0.10552930041394662
Spline Interpolation,0.16816578683611041,0.14114645947372104
LOCF,0.1203823117194293,0.09630056049900328
RNN,0.20378835386339653,0.14382677580835582
