,train_rmse,test_rmse
Time Interpolation,0.033784905484375495,0.04905388994782039
Spline Interpolation,0.10612495286738663,0.13489727499583923
LOCF,0.045263362410342976,0.05960140462113529
RNN,0.11693501395211961,0.08922933343049504
