,train_rmse,test_rmse
Time Interpolation,0.047004537858714134,0.09080182555286424
Spline Interpolation,0.09157044608726127,0.1138120492352811
LOCF,0.08707027302620754,0.028117913652994046
RNN,0.13491038758259938,0.03867859642863401
