,train_rmse,test_rmse
Time Interpolation,0.11939847976190025,0.0843173086481553
Spline Interpolation,0.13792001344066632,0.1221161207053104
LOCF,0.17510926826875203,0.09303091033571854
RNN,0.16980867116508522,0.12901777842905696
