,train_rmse,test_rmse
Time Interpolation,0.09317153931147037,0.09346386420203588
Spline Interpolation,0.19228425636961294,0.22422262361192272
LOCF,0.09637842232976805,0.1073789184815027
RNN,0.182188767839842,0.14265888245975344
