,train_rmse,test_rmse
Time Interpolation,0.05848475401677294,0.1256474022246686
Spline Interpolation,0.12022844118813084,0.14175346494471217
LOCF,0.09673559547793528,0.14337401971176608
RNN,0.11519576270406973,0.13499471668982746
