,train_rmse,test_rmse
Time Interpolation,0.12579049638685694,0.09473679600723647
Spline Interpolation,0.11739459557446233,0.15308516492686483
LOCF,0.1687198722069703,0.10935788351788737
RNN,0.21777919732951556,0.16253835337194164
