,train_rmse,test_rmse
Time Interpolation,0.10296426341390885,0.044756504230065
Spline Interpolation,0.23360306010026174,0.1491799709814098
LOCF,0.09370383302216174,0.05401215941244614
RNN,0.2157263226132063,0.11087823556629577
