,train_rmse,test_rmse
Time Interpolation,0.1274505574687073,0.11067548491786881
Spline Interpolation,0.1551237677418173,0.13861378996559498
LOCF,0.15407494108002298,0.129337607968744
RNN,0.1672132407404105,0.13791590466437703
