,train_rmse,test_rmse
Time Interpolation,0.09143375080852581,0.07009640413695735
Spline Interpolation,0.12504470593933806,0.09078925815716195
LOCF,0.09134527381030623,0.10128799091032992
RNN,0.21789624819937212,0.11215054502723591
