,train_rmse,test_rmse
Time Interpolation,0.0866391919133861,0.11580687294024895
Spline Interpolation,0.20565315292272346,0.2112589873584927
LOCF,0.04570310220938077,0.14989424188836256
RNN,0.2528751644011486,0.15096835055513172
