,train_rmse,test_rmse
Time Interpolation,0.1424251795941804,0.1055299296680099
Spline Interpolation,0.2022317654534848,0.17516142188552028
LOCF,0.15029615469247481,0.12241252703327954
RNN,0.24773216386737662,0.1945101580850044
