,train_rmse,test_rmse
Time Interpolation,0.1552473469038599,0.11687322787888865
Spline Interpolation,0.11914226121190873,0.19782784168990966
LOCF,0.18527523378828376,0.14250548543900346
RNN,0.21668161142295445,0.12983748598869232
