,train_rmse,test_rmse
Time Interpolation,0.04552031466459448,0.09798440241985389
Spline Interpolation,0.07726087018025374,0.12351980635414762
LOCF,0.0599848839275662,0.11877108422293967
RNN,0.107820588375217,0.14449364579986348
