,train_rmse,test_rmse
Time Interpolation,0.1390423444507982,0.09616010012659733
Spline Interpolation,0.21061889662203476,0.18867018188298917
LOCF,0.20851240133657045,0.12166801808753734
RNN,0.17451560103743158,0.15372315169610487
