,train_rmse,test_rmse
Time Interpolation,0.06694095883103515,0.050050840371320696
Spline Interpolation,0.10461140094938501,0.1465268250133876
LOCF,0.0771363151117366,0.0633806153599216
RNN,0.09981404438393475,0.05209508891304755
