,train_rmse,test_rmse
Time Interpolation,0.06833430018496657,0.1384598653917842
Spline Interpolation,0.0911688988553211,0.23115128817774347
LOCF,0.06015883725951517,0.14266075144501142
RNN,0.12255207859092529,0.12485202325160961
