,train_rmse,test_rmse
Time Interpolation,0.06795582010554682,0.07691634545068352
Spline Interpolation,0.1755157485672705,0.1677600028898931
LOCF,0.07996909915700015,0.10067405401945766
RNN,0.16879147730025026,0.13438385348988288
