,train_rmse,test_rmse
Time Interpolation,0.09672875752794678,0.05016022336407817
Spline Interpolation,0.15799395653208728,0.09231952622478153
LOCF,0.145012526597854,0.0610019895504339
RNN,0.1278501293098278,0.0774834992748847
