,train_rmse,test_rmse
Time Interpolation,0.10039952034316282,0.119511994799877
Spline Interpolation,0.1424572843326992,0.18674656515756902
LOCF,0.09624360909033514,0.13115221568041716
RNN,0.17323177071905407,0.16134292736523032
