,train_rmse,test_rmse
Time Interpolation,0.07812142173797722,0.12050166870967925
Spline Interpolation,0.16907464195002506,0.16994868241838898
LOCF,0.07926691660243439,0.16409589406790442
RNN,0.11731432250959749,0.10916545972551073
