,train_rmse,test_rmse
Time Interpolation,0.04167177988410799,0.050926662513779974
Spline Interpolation,0.09884888854849593,0.1435641017535325
LOCF,0.05599885755016328,0.06094735986569327
RNN,0.15062866646113574,0.10840960562915199
