,train_rmse,test_rmse
Time Interpolation,0.1122626283805367,0.11584742039123995
Spline Interpolation,0.15435023075794627,0.15732215324561788
LOCF,0.15525329887571013,0.1262466389432679
RNN,0.1646270139812373,0.1763720584327648
