,train_rmse,test_rmse
Time Interpolation,0.08906319188026669,0.23837162648749524
Spline Interpolation,0.1300487468361778,0.20335639185883606
LOCF,0.056777639453928254,0.2509436548206749
RNN,0.1336952799274201,0.13295483388959475
