,train_rmse,test_rmse
Time Interpolation,0.15139831486750158,0.12525932471849782
Spline Interpolation,0.1902843654499886,0.24362449662951874
LOCF,0.19395775798772089,0.15610217599488377
RNN,0.23549687013942952,0.13111133209748485
