,train_rmse,test_rmse
Time Interpolation,0.10620500070397729,0.10158666141805525
Spline Interpolation,0.11101160519971567,0.19329342514047407
LOCF,0.18464855561909063,0.11612079159404883
RNN,0.13987796185397336,0.11031759266225509
