,train_rmse,test_rmse
Time Interpolation,0.17865144900575652,0.1287301059823916
Spline Interpolation,0.22815207324303907,0.209756093968306
LOCF,0.2813036228561046,0.11825504663224111
RNN,0.18634054120047663,0.16697730479310371
