,train_rmse,test_rmse
Time Interpolation,0.08191082810566694,0.051835438029953426
Spline Interpolation,0.1200655407226928,0.12612191490078412
LOCF,0.10904657944813789,0.06259385085636467
RNN,0.22783693429368543,0.11063771735769305
