,train_rmse,test_rmse
Time Interpolation,0.1628766816921971,0.10618425556174617
Spline Interpolation,0.19659287420586605,0.13163033395871407
LOCF,0.1827439157692077,0.1173573457946528
RNN,0.22847730488373008,0.13398309276153678
