,train_rmse,test_rmse
Time Interpolation,0.08285666323054378,0.07339815484812287
Spline Interpolation,0.12052718933974957,0.10460782074725174
LOCF,0.1004763101415341,0.09124297500759752
RNN,0.19510359364404792,0.19218065432099865
