,train_rmse,test_rmse
Time Interpolation,0.13025616145134056,0.121792860757139
Spline Interpolation,0.16037302762179287,0.13088816967099043
LOCF,0.12031146799505002,0.14071952414117297
RNN,0.17425729184805208,0.0824992936626401
