,train_rmse,test_rmse
Time Interpolation,0.14014529633477193,0.10088585137459412
Spline Interpolation,0.16353287981944017,0.1279079468244426
LOCF,0.15753173451283528,0.10755044064111918
RNN,0.2797221901321298,0.17347584447983905
