,train_rmse,test_rmse
Time Interpolation,0.18582250591080512,0.10484198150926478
Spline Interpolation,0.22656628670329435,0.1458636176763907
LOCF,0.21855014413582038,0.11546151123458999
RNN,0.27273643035916245,0.12898843952682154
