,train_rmse,test_rmse
Time Interpolation,0.17308606252588019,0.11627078308211196
Spline Interpolation,0.2743537445186274,0.2597387348733579
LOCF,0.18521823825189723,0.13244909483168757
RNN,0.2516112493953264,0.1899765044798009
