,train_rmse,test_rmse
Time Interpolation,0.0917625482981826,0.1568893048854755
Spline Interpolation,0.1362990207793552,0.11207176071965345
LOCF,0.0980056417240663,0.18190613733546496
RNN,0.18399030820271797,0.11179115448553349
