,train_rmse,test_rmse
Time Interpolation,0.1516397645901584,0.11616496978913697
Spline Interpolation,0.18389138998524227,0.13113992272675737
LOCF,0.19552882595335472,0.1398483652671395
RNN,0.24171535391621898,0.16617268411749028
