,train_rmse,test_rmse
Time Interpolation,0.07315749470743325,0.11149434762004706
Spline Interpolation,0.14184221590725118,0.16786720126051996
LOCF,0.04741289067405748,0.12654371328015926
RNN,0.16212187703229006,0.1534852770843951
