,train_rmse,test_rmse
Time Interpolation,0.15978227490914648,0.09407580385518445
Spline Interpolation,0.19921348022803528,0.1790366999250879
LOCF,0.16945944298326987,0.10660083890369051
RNN,0.22715645974753834,0.12451632029887659
