,train_rmse,test_rmse
Time Interpolation,0.22215678133134725,0.10396844387871895
Spline Interpolation,0.2895868802249738,0.18321032740325593
LOCF,0.22724133938697907,0.11100685420573986
RNN,0.284510639897804,0.14066746818032505
