,train_rmse,test_rmse
Time Interpolation,0.06304360329128027,0.1528375377721462
Spline Interpolation,0.21224831229023214,0.24964943690700128
LOCF,0.0808601557244553,0.15860416422703325
RNN,0.10362071478246528,0.16921952783532884
