,train_rmse,test_rmse
Time Interpolation,0.11917126479896381,0.04077252681776679
Spline Interpolation,0.14301424451218425,0.13642871092278291
LOCF,0.1542090639859295,0.05369062601312434
RNN,0.1070237674090105,0.06038166472023918
