,train_rmse,test_rmse
Time Interpolation,0.07091652280883458,0.060146952468374204
Spline Interpolation,0.12435945701867314,0.13326773890551097
LOCF,0.09412078979809575,0.08147381080342937
RNN,0.12076764099703395,0.09703688603772585
