,train_rmse,test_rmse
Time Interpolation,0.0494310619459361,0.05071806304563787
Spline Interpolation,0.10688750225369757,0.1447691436053053
LOCF,0.05537265963495218,0.05641563272907278
RNN,0.09933182458035593,0.06538773183696994
