,train_rmse,test_rmse
Time Interpolation,0.06922318431112907,0.08197403968391882
Spline Interpolation,0.0994369371710939,0.164835082987591
LOCF,0.11167991700791173,0.07635586863130527
RNN,0.1351431449142463,0.154648816053623
