,train_rmse,test_rmse
Time Interpolation,0.06759697480145663,0.08419601984867052
Spline Interpolation,0.09785785331779638,0.13066679276042126
LOCF,0.07786221662948555,0.09909936967463355
RNN,0.13647655732367756,0.12019354931918605
