,train_rmse,test_rmse
Time Interpolation,0.15614704560868717,0.08275066614008421
Spline Interpolation,0.198331427800897,0.20796443419904612
LOCF,0.1525677039091861,0.10297030484651655
RNN,0.1985566280600464,0.15110681283221863
