,train_rmse,test_rmse
Time Interpolation,0.07307081949207109,0.10956078321446418
Spline Interpolation,0.17579425318808806,0.14942029025191922
LOCF,0.0832501007794277,0.13408258752740818
RNN,0.18669655856588196,0.1663229868338873
