,train_rmse,test_rmse
Time Interpolation,0.14729336266198034,0.09803296161067752
Spline Interpolation,0.1489223778728876,0.12148557440606925
LOCF,0.14819817889750883,0.11098152891779493
RNN,0.18872992091919727,0.12269985795596275
