,train_rmse,test_rmse
Time Interpolation,0.10407916132739115,0.0864004720325068
Spline Interpolation,0.1495157256046261,0.15381656694167406
LOCF,0.124577153137164,0.10618937964253239
RNN,0.252846383989443,0.11005767861209129
