,train_rmse,test_rmse
Time Interpolation,0.1102618639711328,0.08021009759779704
Spline Interpolation,0.1702523263764076,0.12149614659204792
LOCF,0.1036823679286042,0.08276645230773613
RNN,0.18520859521073704,0.15073277114049893
