,train_rmse,test_rmse
Time Interpolation,0.11086356782502456,0.07663125104112985
Spline Interpolation,0.2068548996185017,0.11167049730702958
LOCF,0.12228066530096135,0.10181925208599463
RNN,0.22091556504651422,0.0932854196843117
