,train_rmse,test_rmse
Time Interpolation,0.1691430874225162,0.10084630496507398
Spline Interpolation,0.22034818531404707,0.14452088890588533
LOCF,0.176669685572648,0.12111020816201869
RNN,0.23913885198213256,0.18729310179726327
