,train_rmse,test_rmse
Time Interpolation,0.18857598038740356,0.10530425369815766
Spline Interpolation,0.21904127712748522,0.1468263210871709
LOCF,0.19373671502454673,0.11811904713278905
RNN,0.2293255517781511,0.1399046689195549
