,train_rmse,test_rmse
Time Interpolation,0.0764057835370705,0.09855488354903409
Spline Interpolation,0.18859458162636294,0.1605359074906502
LOCF,0.10129775486267921,0.11203880010376133
RNN,0.18977012272133784,0.12364748624284487
