,train_rmse,test_rmse
Time Interpolation,0.057623592794469596,0.039581565569310063
Spline Interpolation,0.10732584296139401,0.11863591215429566
LOCF,0.06128138552526339,0.05785560656531657
RNN,0.10383813893921019,0.05779771734132283
