,train_rmse,test_rmse
Time Interpolation,0.026396873229226046,0.09808715705406487
Spline Interpolation,0.18253831043438615,0.21927439086072775
LOCF,0.028771680872193398,0.11324298820381985
RNN,0.15094389701487024,0.1529832020858953
