,train_rmse,test_rmse
Time Interpolation,0.07624200592974731,0.04342946602455168
Spline Interpolation,0.11995707398438939,0.1497310455997694
LOCF,0.136953089165952,0.03707265867408923
RNN,0.1003165450492817,0.0848635846027297
