,train_rmse,test_rmse
Time Interpolation,0.2103239045040771,0.10291544187224957
Spline Interpolation,0.15218731705515862,0.14000567822657603
LOCF,0.2478086761093021,0.142270402060019
RNN,0.21304017422146293,0.10785835331135311
