,train_rmse,test_rmse
Time Interpolation,0.0699041103403857,0.06806369120405166
Spline Interpolation,0.08396813891854955,0.09994824677531346
LOCF,0.0883132086214453,0.0911299889075585
RNN,0.13655833516669896,0.05195344953790017
