,train_rmse,test_rmse
Time Interpolation,0.14827557195770558,0.09438742804974207
Spline Interpolation,0.22211201399333827,0.16918141347976848
LOCF,0.15452892029718418,0.11246249152990988
RNN,0.21096297936313815,0.11214658196384193
