,train_rmse,test_rmse
Time Interpolation,0.11844307891481913,0.0873964782996594
Spline Interpolation,0.1653649541629099,0.11375391396044875
LOCF,0.16272109238216684,0.10637700390603011
RNN,0.2381250180784073,0.1345754521123808
