,train_rmse,test_rmse
Time Interpolation,0.1544414589990228,0.09127097160525247
Spline Interpolation,0.12717899429647342,0.13759135739716866
LOCF,0.15035501616978206,0.0998989496624558
RNN,0.1670322773487445,0.12050493990281298
