,train_rmse,test_rmse
Time Interpolation,0.10868201704525507,0.050109164561220165
Spline Interpolation,0.12486009762025703,0.10189657415118784
LOCF,0.03929598417838096,0.04489361912353061
RNN,0.13143059110839742,0.07537447892079983
