,train_rmse,test_rmse
Time Interpolation,0.14372875684454473,0.1131156572481639
Spline Interpolation,0.18581444341990377,0.17983126970669924
LOCF,0.14943514405502745,0.12425304139870949
RNN,0.22299460447693228,0.1433643861499461
