,train_rmse,test_rmse
Time Interpolation,0.05113425522090144,0.11103016579313152
Spline Interpolation,0.09864844319612472,0.15004782838022976
LOCF,0.05763485112179023,0.11120619958252241
RNN,0.0959478285592128,0.1285698593581077
