,train_rmse,test_rmse
Time Interpolation,0.07838481443839025,0.11196086108400097
Spline Interpolation,0.21892761036500732,0.18761944721546048
LOCF,0.0925802887570217,0.12093046228029335
RNN,0.17134958071734882,0.12460999887607963
