,train_rmse,test_rmse
Time Interpolation,0.10610541160054468,0.12476375924677023
Spline Interpolation,0.19603784387394635,0.14037311047997977
LOCF,0.12004408031014155,0.139278815068455
RNN,0.20977418329167022,0.14148042184286308
