,train_rmse,test_rmse
Time Interpolation,0.08774661941258755,0.1020442521375982
Spline Interpolation,0.11154957412705227,0.12930837920055033
LOCF,0.0921594926712112,0.12463128198333358
RNN,0.1612649635239644,0.10029694150720374
