,train_rmse,test_rmse
Time Interpolation,0.09987723339770724,0.10430886972032563
Spline Interpolation,0.15500334343852457,0.15386947103282703
LOCF,0.07701101451453463,0.12508945033677482
RNN,0.24174598591568147,0.1755983907501761
