,train_rmse,test_rmse
Time Interpolation,0.03167305747170305,0.04987593896745257
Spline Interpolation,0.0879773070383225,0.11231817628278952
LOCF,0.039534469535031626,0.06459249306636923
RNN,0.08675264170026852,0.058942780896787096
