,train_rmse,test_rmse
Time Interpolation,0.11795410194341316,0.12314870226576131
Spline Interpolation,0.16788954791715607,0.23352099088593967
LOCF,0.15887682228925676,0.14623280121153423
RNN,0.1539340991501521,0.1623334769688589
