,train_rmse,test_rmse
Time Interpolation,0.1317278944998293,0.06459122699483559
Spline Interpolation,0.20744294141961644,0.1555777413073026
LOCF,0.13601060681200566,0.07659797594164597
RNN,0.16606239461914626,0.1326400554853369
