,train_rmse,test_rmse
Time Interpolation,0.07988672952013876,0.10846381454001511
Spline Interpolation,0.07687420656749523,0.14710708209398823
LOCF,0.052129890885818264,0.12906826837676352
RNN,0.09376048164255803,0.09769776685160472
