,train_rmse,test_rmse
Time Interpolation,0.1161916645254475,0.08694345684062695
Spline Interpolation,0.19203558537166604,0.12178863100603077
LOCF,0.13773512410748337,0.10465323347902752
RNN,0.20870853718075438,0.10569553817212647
