,train_rmse,test_rmse
Time Interpolation,0.15936270967977184,0.09749821997608167
Spline Interpolation,0.2500592242587793,0.14802546697702268
LOCF,0.17494527855514805,0.1064820567178278
RNN,0.2895730999842862,0.1773097098161625
