,train_rmse,test_rmse
Time Interpolation,0.08409656296849653,0.09474239710099994
Spline Interpolation,0.138103270648227,0.2212629591533775
LOCF,0.09642214787488677,0.12603016277659357
RNN,0.2030741676313104,0.14040662293505465
