,train_rmse,test_rmse
Time Interpolation,0.05545255830868321,0.059056021852002615
Spline Interpolation,0.11466113106678752,0.10847984596463636
LOCF,0.03675186242018353,0.0502860409173146
RNN,0.14672211938744514,0.0559106282562606
