,train_rmse,test_rmse
Time Interpolation,0.060040899677791644,0.037780085841148656
Spline Interpolation,0.08643070501217871,0.0970402286293256
LOCF,0.06038183043852791,0.05281214222976686
RNN,0.1142272327214977,0.06872037249154207
