,train_rmse,test_rmse
Time Interpolation,0.1637037372528012,0.14799885731657822
Spline Interpolation,0.27967133594482896,0.21792985376792387
LOCF,0.19870364687717304,0.16792000008959754
RNN,0.2301644599630103,0.19752326041019708
