,train_rmse,test_rmse
Time Interpolation,0.02476960209347188,0.06504000792373858
Spline Interpolation,0.1573224565992005,0.13476070116910413
LOCF,0.03526831890169184,0.08199838227599991
RNN,0.07621455694549453,0.0874215959875312
