,train_rmse,test_rmse
Time Interpolation,0.07998257885822335,0.1234573508593315
Spline Interpolation,0.13654855050622433,0.16255429490464232
LOCF,0.08839263684543949,0.14892704780198754
RNN,0.13912570269222624,0.1338625732931755
