,train_rmse,test_rmse
Time Interpolation,0.14001924397024385,0.08470528943325464
Spline Interpolation,0.18003588559105088,0.12625860173699924
LOCF,0.15110897831793485,0.09524694017211947
RNN,0.20837892412897638,0.13106589927659576
