,train_rmse,test_rmse
Time Interpolation,0.19383181860664328,0.08131631434856788
Spline Interpolation,0.21206712568552305,0.09824286769164635
LOCF,0.20331364273745464,0.094474560795865
RNN,0.2620847862056583,0.10166840953412368
