,train_rmse,test_rmse
Time Interpolation,0.09096949949328721,0.10064048499747694
Spline Interpolation,0.17528001154880943,0.1270716958425315
LOCF,0.16041883154005662,0.1186447520680396
RNN,0.23112425219831367,0.14175249336661458
