,train_rmse,test_rmse
Time Interpolation,0.028084863315329563,0.034591495539512095
Spline Interpolation,0.09921984423012961,0.11579851582845138
LOCF,0.0398925521969173,0.04618643116351795
RNN,0.09456048188898346,0.076898229761389
