,train_rmse,test_rmse
Time Interpolation,0.0862730147258967,0.10840303829921358
Spline Interpolation,0.1437245086821308,0.13291817226446156
LOCF,0.09361076111851278,0.11028694043118567
RNN,0.17025643127970583,0.17670290415410833
