,train_rmse,test_rmse
Time Interpolation,0.19741413353519746,0.21920013559244347
Spline Interpolation,0.21234589972455953,0.26781435787599034
LOCF,0.2289305515350264,0.25195455007443085
RNN,0.2506015787594649,0.2189993405809286
