,train_rmse,test_rmse
Time Interpolation,0.1763435015170112,0.055900156159552516
Spline Interpolation,0.18705794798274106,0.12314124859421025
LOCF,0.21342952592117065,0.06658943221762134
RNN,0.2481867750094246,0.09199388383875827
