,train_rmse,test_rmse
Time Interpolation,0.09207263019439953,0.17074476264823654
Spline Interpolation,0.15518991612186037,0.276855714384113
LOCF,0.11378270531074651,0.20094527918971966
RNN,0.12929929136119137,0.1814685274010505
