,train_rmse,test_rmse
Time Interpolation,0.1411764096897786,0.09623435306485002
Spline Interpolation,0.14014751305620907,0.13608131258494455
LOCF,0.12733770454486779,0.1059713673434024
RNN,0.23172472271862463,0.14321889204943536
