,train_rmse,test_rmse
Time Interpolation,0.04646211021731596,0.09013907996833577
Spline Interpolation,0.07951900175207915,0.18433260590610662
LOCF,0.051254699073480944,0.09308463417092845
RNN,0.07543606400305589,0.07972563554541569
