,train_rmse,test_rmse
Time Interpolation,0.19227707411404754,0.11263319233587375
Spline Interpolation,0.26728704014180665,0.21043500746725982
LOCF,0.12671720780801607,0.15723582615686443
RNN,0.24407230351296513,0.12558661889037318
