,train_rmse,test_rmse
Time Interpolation,0.085724687687376,0.09469971965287595
Spline Interpolation,0.12450977846250981,0.13395168372953545
LOCF,0.09340158814143791,0.11335273292893754
RNN,0.16527531278581778,0.11979309825085256
