,train_rmse,test_rmse
Time Interpolation,0.11783358379763387,0.08839932076327303
Spline Interpolation,0.25440705086390303,0.19513187277788666
LOCF,0.11275887888796506,0.10498478221556296
RNN,0.25225800961261197,0.11665079988357306
