,train_rmse,test_rmse
Time Interpolation,0.149355177588198,0.10147224987262733
Spline Interpolation,0.20223804366950365,0.1690775610667321
LOCF,0.15401177405155744,0.13009626757839535
RNN,0.2562965103273512,0.12504488375294115
