,train_rmse,test_rmse
Time Interpolation,0.10515853274763463,0.08981294704395244
Spline Interpolation,0.14341706218580286,0.1642391106132041
LOCF,0.12589800450899397,0.10849790915668701
RNN,0.23205459799457553,0.0906854480687344
