,train_rmse,test_rmse
Time Interpolation,0.05049363163390979,0.026316048127762864
Spline Interpolation,0.09953914812591723,0.07871950336533422
LOCF,0.07746542233987665,0.03386773374360806
RNN,0.11322200717887358,0.03990258298729172
