,train_rmse,test_rmse
Time Interpolation,0.07763508289799047,0.09378780400240164
Spline Interpolation,0.16547268186748273,0.1741964794541548
LOCF,0.08556692969707477,0.11025935351744927
RNN,0.1555011648575761,0.16695211485453745
