,train_rmse,test_rmse
Time Interpolation,0.12307097018457283,0.06121436497814521
Spline Interpolation,0.25713747368621903,0.12786900290933484
LOCF,0.1621271239770486,0.06978150034156182
RNN,0.1832072995800948,0.08984741897345529
