,train_rmse,test_rmse
Time Interpolation,0.12398428641546469,0.04825020356525388
Spline Interpolation,0.26343601464381877,0.11561743119060305
LOCF,0.13791867024724444,0.057832370913130746
RNN,0.17346139452344572,0.08483696346220804
