,train_rmse,test_rmse
Time Interpolation,0.10536961049127967,0.050973320828461496
Spline Interpolation,0.15873325771943572,0.06982145793981874
LOCF,0.1081282397597527,0.09594780303928448
RNN,0.15235646886564896,0.07606862856160361
