,train_rmse,test_rmse
Time Interpolation,0.09510844814692125,0.11047466737821994
Spline Interpolation,0.11051564441379218,0.20155716033605833
LOCF,0.10867030775622004,0.12921791719177325
RNN,0.1731741254170795,0.1261753196848421
