,train_rmse,test_rmse
Time Interpolation,0.028984888613405032,0.0699626040635153
Spline Interpolation,0.08356265955020714,0.10395637517677472
LOCF,0.0339642774695474,0.08305748434025886
RNN,0.16264194568679,0.09544508613791401
