,train_rmse,test_rmse
Time Interpolation,0.07707692483951857,0.050560054266133095
Spline Interpolation,0.19018543381159297,0.18027227833339418
LOCF,0.09624110391841947,0.06866244346235054
RNN,0.18185921600248364,0.06942261486100651
