,train_rmse,test_rmse
Time Interpolation,0.07664008066801051,0.07860420737248229
Spline Interpolation,0.11466067079800671,0.2134332598189149
LOCF,0.08639405799748577,0.10360327017891281
RNN,0.12669972489322484,0.1080852997871691
