,train_rmse,test_rmse
Time Interpolation,0.1303408316208297,0.1059319492915894
Spline Interpolation,0.1531425519892065,0.23436456962961708
LOCF,0.09451265181253753,0.10910081217556551
RNN,0.17971292401713937,0.1310090125569265
