,train_rmse,test_rmse
Time Interpolation,0.04985862006579576,0.033258521586503345
Spline Interpolation,0.17850282977850204,0.09330155169845346
LOCF,0.05777151245500651,0.04364121496076414
RNN,0.09609683686631733,0.06868155365938443
