,train_rmse,test_rmse
Time Interpolation,0.1440996050991697,0.10717639781712815
Spline Interpolation,0.19172353289595478,0.1683604507807632
LOCF,0.18041867115703933,0.11981088704605826
RNN,0.18338407084211195,0.11915446975298691
