,train_rmse,test_rmse
Time Interpolation,0.03483893092687777,0.033992958099172285
Spline Interpolation,0.08290578469124063,0.08647494508096519
LOCF,0.06128676378881025,0.040946073660298545
RNN,0.15913118457361541,0.08924170864760109
