,train_rmse,test_rmse
Time Interpolation,0.06337758990902637,0.16617381218783606
Spline Interpolation,0.08564076031822666,0.1300676532601104
LOCF,0.040237672604458374,0.19700094932350298
RNN,0.07583719750889305,0.08985530455935373
