,train_rmse,test_rmse
Time Interpolation,0.08897729050235945,0.09315496168362865
Spline Interpolation,0.125270199900021,0.23253831365795463
LOCF,0.10720463225661143,0.10674632688974015
RNN,0.1805216725974528,0.15123373425550493
