,train_rmse,test_rmse
Time Interpolation,0.09153479407474589,0.10398650891007657
Spline Interpolation,0.1449815027718984,0.25183759339377515
LOCF,0.11977177503997075,0.1554241352029964
RNN,0.14574690697938505,0.15710781250810432
