,train_rmse,test_rmse
Time Interpolation,0.043771052891671304,0.047943812164571935
Spline Interpolation,0.07250865778886166,0.17943839117022478
LOCF,0.06300705319672802,0.05782304966087769
RNN,0.07230253656469396,0.08378924757234761
