,train_rmse,test_rmse
Time Interpolation,0.12679931472199776,0.11107861763877538
Spline Interpolation,0.16783668225685916,0.14636280789523973
LOCF,0.156422720531232,0.11692675147265152
RNN,0.19055029954345196,0.14118910056859993
