,train_rmse,test_rmse
Time Interpolation,0.12647393587769737,0.09435862132103624
Spline Interpolation,0.12079134030129443,0.13329186631297413
LOCF,0.15153617617199472,0.1331153696729579
RNN,0.2549006373107861,0.12470653504797358
