,train_rmse,test_rmse
Time Interpolation,0.19475276246193016,0.13405828514283818
Spline Interpolation,0.2303549878805769,0.23133823123300604
LOCF,0.20355604436832314,0.16269555843263148
RNN,0.29224868764268264,0.13997487051778468
