,train_rmse,test_rmse
Time Interpolation,0.08894492380885291,0.09172014146015872
Spline Interpolation,0.13951056806291223,0.13253768990292844
LOCF,0.10204774302576539,0.10545376401711917
RNN,0.21189581573806512,0.10835106058513608
