,train_rmse,test_rmse
Time Interpolation,0.10861812445564686,0.03831448098027103
Spline Interpolation,0.1315965177865137,0.17960169396219744
LOCF,0.16472432527093214,0.04527360547751168
RNN,0.19889365242420887,0.08879704485472605
