,train_rmse,test_rmse
Time Interpolation,0.08927670133903866,0.11518222213232857
Spline Interpolation,0.10535921737806506,0.12570666184128745
LOCF,0.13524259749405942,0.13612823471457294
RNN,0.21747667631296416,0.1466126420231331
