,train_rmse,test_rmse
Time Interpolation,0.09680316164875505,0.07958760855736391
Spline Interpolation,0.17033891754307967,0.13577519811916788
LOCF,0.15694690212276127,0.09408839726164898
RNN,0.1669070581967349,0.1762290160584894
