,train_rmse,test_rmse
Time Interpolation,0.10372823138667374,0.10178591141604428
Spline Interpolation,0.1738745352686055,0.17869340123334831
LOCF,0.11614190379466079,0.14657121491214592
RNN,0.11349944682608477,0.13517531355371476
