,train_rmse,test_rmse
Time Interpolation,0.07462265051258066,0.09495951040278104
Spline Interpolation,0.11189425940768198,0.09739654088775244
LOCF,0.09809532176298462,0.12240274249398524
RNN,0.14379366110010813,0.0987807895914089
