,train_rmse,test_rmse
Time Interpolation,0.10346414147226775,0.07398045855644086
Spline Interpolation,0.1495277274055127,0.09985771630634462
LOCF,0.09182014570709317,0.08830668669756425
RNN,0.20404476750898515,0.12220251141450489
