,train_rmse,test_rmse
Time Interpolation,0.07148388436216704,0.07389920761670339
Spline Interpolation,0.11999304447294537,0.12840665938615367
LOCF,0.08405257324957818,0.0802700026993705
RNN,0.19868673541296397,0.1164222511957828
