,train_rmse,test_rmse
Time Interpolation,0.13848089555424026,0.09417617195358298
Spline Interpolation,0.23687548504432193,0.14790031320341365
LOCF,0.13171827365188232,0.121442424115685
RNN,0.22896203896078277,0.17416037801227538
