,train_rmse,test_rmse
Time Interpolation,0.1023720533938869,0.10860024670859947
Spline Interpolation,0.12999990826730531,0.1726451132638737
LOCF,0.11511949224233993,0.11365636041797815
RNN,0.1919679300756881,0.14594455852284685
