,train_rmse,test_rmse
Time Interpolation,0.16965001725035375,0.10581625434891391
Spline Interpolation,0.24084022394053542,0.1296182000762353
LOCF,0.227537229515705,0.11916240259104945
RNN,0.23869556839530243,0.11995280672110935
