,train_rmse,test_rmse
Time Interpolation,0.09860065441809726,0.1204859519255445
Spline Interpolation,0.18219392064033388,0.16264694080536277
LOCF,0.10860178585494455,0.14028788089913255
RNN,0.14562387867467516,0.17516358449885258
