,train_rmse,test_rmse
Time Interpolation,0.09347810945390325,0.12901659897702156
Spline Interpolation,0.14367462438790943,0.17945324179253921
LOCF,0.10458322586865686,0.15794753266644218
RNN,0.13338282065025,0.15679914363582448
