,train_rmse,test_rmse
Time Interpolation,0.0851026877250713,0.08080288629653323
Spline Interpolation,0.14386516877921526,0.1502012061547961
LOCF,0.10276359511492328,0.10696448578769743
RNN,0.15841790749759746,0.1467321267778623
