,train_rmse,test_rmse
Time Interpolation,0.1639186269656466,0.12239639039160223
Spline Interpolation,0.19412125374974906,0.2300002085672977
LOCF,0.17698958262494818,0.12396496201081744
RNN,0.23500310481155967,0.1419030213866659
