,train_rmse,test_rmse
Time Interpolation,0.07742154810199188,0.08391861710489053
Spline Interpolation,0.12142025992973428,0.12120210965041692
LOCF,0.0892823122879448,0.11635230305292069
RNN,0.14734062465267553,0.12319453237481094
