,train_rmse,test_rmse
Time Interpolation,0.08314519897836634,0.060775175369117536
Spline Interpolation,0.12636435945912722,0.10914931027513271
LOCF,0.09337908248139991,0.08349246269861779
RNN,0.1428496035869145,0.09376158242364141
