,train_rmse,test_rmse
Time Interpolation,0.09323942797756486,0.10626899391778562
Spline Interpolation,0.16458506302624637,0.1916707762103212
LOCF,0.10123835096190066,0.11142342939059444
RNN,0.16443508606335344,0.1274117275247104
