,train_rmse,test_rmse
Time Interpolation,0.18091077944288148,0.11281714588338031
Spline Interpolation,0.23269240050731274,0.23609597230560048
LOCF,0.18778030291265038,0.13837795983393733
RNN,0.2657110037028659,0.13093860860050105
