,train_rmse,test_rmse
Time Interpolation,0.08975115430241054,0.10118000469380671
Spline Interpolation,0.1696388518188434,0.20180548277925234
LOCF,0.11227742930740138,0.12866065587803785
RNN,0.14857102168656544,0.12582119884385876
