,train_rmse,test_rmse
Time Interpolation,0.07188482007226939,0.10874389469549718
Spline Interpolation,0.11618868366479182,0.15363084964087553
LOCF,0.07861848415764756,0.12827978781013125
RNN,0.1481744020701564,0.13524940163079457
