,train_rmse,test_rmse
Time Interpolation,0.10999065907828871,0.07940419013999815
Spline Interpolation,0.1813714610733254,0.15217849845171813
LOCF,0.10777216860022873,0.06401507866155592
RNN,0.14043614395834245,0.086307981790525
