,train_rmse,test_rmse
Time Interpolation,0.10146808419127924,0.04715964780506475
Spline Interpolation,0.21945347626891268,0.11755567921475171
LOCF,0.12061230603686195,0.05792269847171431
RNN,0.16815459746013223,0.06105232538965234
