,train_rmse,test_rmse
Time Interpolation,0.08463601065902258,0.0993581268166842
Spline Interpolation,0.14061144318295998,0.24492918138215028
LOCF,0.10201587914940284,0.12641665463300172
RNN,0.17178155257830816,0.111648084238541
