,train_rmse,test_rmse
Time Interpolation,0.03039595897956695,0.0552608982262192
Spline Interpolation,0.18556815712270355,0.10606773340325963
LOCF,0.035403403458655947,0.050803924262330095
RNN,0.11792847152695161,0.0932090942443237
