,train_rmse,test_rmse
Time Interpolation,0.06730119114005974,0.10174772925425832
Spline Interpolation,0.11764424027788822,0.1305015462049966
LOCF,0.10131110306235544,0.060884595753734616
RNN,0.12866509295353787,0.1330542645933917
