,train_rmse,test_rmse
Time Interpolation,0.04118035405091181,0.026724194221704547
Spline Interpolation,0.09192040172630558,0.05481001570949109
LOCF,0.044543601984314715,0.04607370479938895
RNN,0.07780463693811,0.05074922348866822
