,train_rmse,test_rmse
Time Interpolation,0.07429335613039237,0.12580063971716596
Spline Interpolation,0.14120599152531524,0.18698573635912744
LOCF,0.09574610411423672,0.14101007345231217
RNN,0.164543317217073,0.15892392183856963
