,train_rmse,test_rmse
Time Interpolation,0.037131513233926126,0.0462210492757719
Spline Interpolation,0.12090041841939324,0.07972610406201538
LOCF,0.0465429076532606,0.04977369844491823
RNN,0.07497722343501102,0.05667811767644242
