,train_rmse,test_rmse
Time Interpolation,0.0830932368619025,0.1269092580057914
Spline Interpolation,0.17562838561707803,0.2396005119806497
LOCF,0.0936799373939579,0.13420790571931265
RNN,0.17516503135643982,0.17493228711781297
