,train_rmse,test_rmse
Time Interpolation,0.10453065035289358,0.09753102246808258
Spline Interpolation,0.14053768493939026,0.19765045514912724
LOCF,0.12142873306814193,0.11537594627235166
RNN,0.1570741131562353,0.13472354287276683
