,train_rmse,test_rmse
Time Interpolation,0.07963733277359011,0.10618097304387379
Spline Interpolation,0.15407040362750588,0.2012493153960583
LOCF,0.08892449331701371,0.11789325570008478
RNN,0.13793226297470326,0.12892985026195006
