,train_rmse,test_rmse
Time Interpolation,0.030096298027311584,0.040510665271319364
Spline Interpolation,0.07781624866217829,0.14271593725592904
LOCF,0.038594762191646495,0.054175357680699365
RNN,0.09348987769379792,0.07306685226271337
