,train_rmse,test_rmse
Time Interpolation,0.1231803383562179,0.12874782256962244
Spline Interpolation,0.18827183126121558,0.20538378690417
LOCF,0.17340980780269957,0.14452216788470132
RNN,0.170100210134113,0.18342362631974526
