,train_rmse,test_rmse
Time Interpolation,0.1620208179702354,0.11067958619701176
Spline Interpolation,0.2141146675652054,0.17822650387015426
LOCF,0.16405029255648615,0.13021027229319757
RNN,0.22877277235308904,0.13600244154942973
