,train_rmse,test_rmse
Time Interpolation,0.08750691707620753,0.06087774017756117
Spline Interpolation,0.13343511396520819,0.1439121848083676
LOCF,0.11159508129355396,0.09875825586091816
RNN,0.15944933702114525,0.10501305213250596
