,train_rmse,test_rmse
Time Interpolation,0.0752730598300373,0.08953413601278022
Spline Interpolation,0.13908798665962532,0.22236586952233686
LOCF,0.09308510494760434,0.07063423121777893
RNN,0.14214550548187968,0.11696837316333368
