,train_rmse,test_rmse
Time Interpolation,0.10520731758700655,0.07155443845487981
Spline Interpolation,0.12633021466264743,0.10944486743974564
LOCF,0.12036077408911976,0.09289771141757755
RNN,0.18145069431940106,0.125147751987759
