,train_rmse,test_rmse
Time Interpolation,0.07081143395573589,0.07992188883237664
Spline Interpolation,0.13842760594667775,0.1491025647883381
LOCF,0.07863745825193116,0.09309127374342989
RNN,0.15987280562330855,0.12360633392792868
