,train_rmse,test_rmse
Time Interpolation,0.12019679254052974,0.09142420287797699
Spline Interpolation,0.0920317002472635,0.1355178925258344
LOCF,0.09110498477899465,0.09391830408050557
RNN,0.13684913401453672,0.12437210848208095
