,train_rmse,test_rmse
Time Interpolation,0.10664426342122166,0.11680097112596756
Spline Interpolation,0.09506476042805671,0.15547992385587345
LOCF,0.11676218625577083,0.1251300891164207
RNN,0.23317325605934677,0.14777774244990602
