,train_rmse,test_rmse
Time Interpolation,0.07240659241370714,0.21557979802474936
Spline Interpolation,0.11493928262220647,0.27197996050670464
LOCF,0.08373359725176635,0.25752194308440224
RNN,0.16775961390108368,0.2355565965178758
