,train_rmse,test_rmse
Time Interpolation,0.237963452414586,0.07784598644059466
Spline Interpolation,0.27993106369404425,0.10169364209153382
LOCF,0.24565202024731173,0.09140836380838022
RNN,0.30473551781372726,0.11009393386468887
