,train_rmse,test_rmse
Time Interpolation,0.11700821051174952,0.09703448994534826
Spline Interpolation,0.11924129416221632,0.17159207369282845
LOCF,0.14915424509992184,0.10830420860572311
RNN,0.15638180432619692,0.1374097131647694
