,train_rmse,test_rmse
Time Interpolation,0.038325170855709766,0.1056657332862514
Spline Interpolation,0.08293141040104046,0.12120524981175522
LOCF,0.04577329886116749,0.061685841355109176
RNN,0.08850888664865504,0.10769497661220198
