,train_rmse,test_rmse
Time Interpolation,0.1389949118485809,0.10891752177593315
Spline Interpolation,0.08899568097782624,0.17062274429670712
LOCF,0.19533157690688283,0.1802563116191899
RNN,0.10397230271703799,0.13318680327155583
