,train_rmse,test_rmse
Time Interpolation,0.17904330347840602,0.103716687963697
Spline Interpolation,0.20209307917783909,0.16350039862798305
LOCF,0.19263744540035566,0.11515771728103738
RNN,0.22145516722004105,0.105146129636482
