,train_rmse,test_rmse
Time Interpolation,0.08144593443905411,0.08859589567729907
Spline Interpolation,0.18040174570045026,0.1537123382298
LOCF,0.16787877164998663,0.09726550175177791
RNN,0.13928247033507316,0.10836380359789495
