,train_rmse,test_rmse
Time Interpolation,0.051576254982649936,0.06795623060678958
Spline Interpolation,0.09640379157226953,0.19318389908015532
LOCF,0.060987458085566174,0.07290875922966714
RNN,0.07582283189847179,0.051915297743020915
