,train_rmse,test_rmse
Time Interpolation,0.1055144081355266,0.11948000116314406
Spline Interpolation,0.17023208338045523,0.17724326804817783
LOCF,0.12911148480765325,0.13395504629479715
RNN,0.202054985236759,0.13281169442684548
