,train_rmse,test_rmse
Time Interpolation,0.15246308712753173,0.10921057098228808
Spline Interpolation,0.20469300446420252,0.1626869586687306
LOCF,0.1608300526363403,0.1294142143886577
RNN,0.2906151887830963,0.1437322049629815
