,train_rmse,test_rmse
Time Interpolation,0.17423944099630337,0.059362188464059974
Spline Interpolation,0.20834142833614594,0.11880110140564162
LOCF,0.22328952953786788,0.04289848180751437
RNN,0.2605310099385393,0.08351028856092722
