,train_rmse,test_rmse
Time Interpolation,0.07461682099829862,0.1402483381691832
Spline Interpolation,0.11471198695939555,0.19230491249015305
LOCF,0.1812202912692893,0.14775512166197818
RNN,0.15821106162132206,0.16016579804485082
