,train_rmse,test_rmse
Time Interpolation,0.04596591658960384,0.10021602751871117
Spline Interpolation,0.11711520852556981,0.1690872920420623
LOCF,0.06310280093463347,0.12512271226679003
RNN,0.14931745091855678,0.15280708992236258
