,train_rmse,test_rmse
Time Interpolation,0.14798905510587992,0.09243624329956249
Spline Interpolation,0.14850545827312128,0.15409807250896237
LOCF,0.2083927179241327,0.11068843513649537
RNN,0.16522050259151913,0.13263850763090873
