,train_rmse,test_rmse
Time Interpolation,0.0701234932067623,0.08938347526535859
Spline Interpolation,0.12150751224134858,0.061034079771549114
LOCF,0.05145573583358929,0.12632787700509163
RNN,0.13031264247631233,0.040172356766331865
