,train_rmse,test_rmse
Time Interpolation,0.07641511289711897,0.08965774841000076
Spline Interpolation,0.10497272584777119,0.13413109102497117
LOCF,0.08204418006918043,0.09013620577566758
RNN,0.25247325787397196,0.10129045191603601
