,train_rmse,test_rmse
Time Interpolation,0.15926769971030952,0.06319948256960521
Spline Interpolation,0.20028961054884073,0.19340195224392023
LOCF,0.17338809599098243,0.06924032806996809
RNN,0.23128131270447191,0.1667512011961781
