,train_rmse,test_rmse
Time Interpolation,0.09226453886535833,0.15140378390942807
Spline Interpolation,0.16135657282159957,0.216446520041857
LOCF,0.09820634879547938,0.15159758652892313
RNN,0.15840876064606607,0.20916980835025115
