,train_rmse,test_rmse
Time Interpolation,0.09067911419683594,0.11667587914480393
Spline Interpolation,0.1207518389357486,0.19543789010072452
LOCF,0.11543722023864667,0.1484184559826869
RNN,0.16710402457415768,0.18467577812138178
