,train_rmse,test_rmse
Time Interpolation,0.055249025904220046,0.06383808602580843
Spline Interpolation,0.1108056417674712,0.09031457484957943
LOCF,0.07566683745766697,0.06983645804637632
RNN,0.19250879646957955,0.08752819485149313
