,train_rmse,test_rmse
Time Interpolation,0.08111915888222988,0.1122679087630457
Spline Interpolation,0.14858094392483648,0.2525160387536197
LOCF,0.09843268895330594,0.13948877923539946
RNN,0.22145090817158727,0.14951219715327793
