,train_rmse,test_rmse
Time Interpolation,0.10818752398442785,0.09616032185271596
Spline Interpolation,0.20433756404097644,0.1570272087973798
LOCF,0.120450131216764,0.11907979410027966
RNN,0.1743833431655424,0.1314414717034324
