,train_rmse,test_rmse
Time Interpolation,0.0432706684985681,0.14084065379372285
Spline Interpolation,0.11606621582514962,0.23367165472564674
LOCF,0.09480056844314995,0.1666235799360292
RNN,0.16247382911896033,0.14759123473454316
