,train_rmse,test_rmse
Time Interpolation,0.0730453822059194,0.0711780938189788
Spline Interpolation,0.12391062505004122,0.15201890678832633
LOCF,0.0822281006377362,0.11069755762670942
RNN,0.15854516406333302,0.08997117338043824
