,train_rmse,test_rmse
Time Interpolation,0.18905174755203866,0.11704439475148032
Spline Interpolation,0.28946414657094927,0.20415116996127608
LOCF,0.16095756449166668,0.1617337085157388
RNN,0.2333633619919469,0.15517225769868584
