,train_rmse,test_rmse
Time Interpolation,0.08422380204812423,0.13849502631376895
Spline Interpolation,0.2355617065584867,0.17039852364685523
LOCF,0.08974122691565035,0.15214367104671198
RNN,0.15793636175388898,0.15485208125631517
