,train_rmse,test_rmse
Time Interpolation,0.09048359537776032,0.08116772527620829
Spline Interpolation,0.14302834083854152,0.11637341626384824
LOCF,0.09618930608950065,0.10753752336032463
RNN,0.1702703881699845,0.112445568718219
