,train_rmse,test_rmse
Time Interpolation,0.1578695256005648,0.09969331061505574
Spline Interpolation,0.19032399153345603,0.1443266887602525
LOCF,0.18191494172210687,0.11840501959590265
RNN,0.22337014902719113,0.1333362190627879
