,train_rmse,test_rmse
Time Interpolation,0.1146440218835936,0.18548999915727735
Spline Interpolation,0.14070960928496787,0.24182674691146772
LOCF,0.08917571092591206,0.2734523075985372
RNN,0.1702260302413629,0.1676841756756994
