,train_rmse,test_rmse
Time Interpolation,0.10704701542427919,0.09969931658979313
Spline Interpolation,0.1391619878830461,0.17117915823820026
LOCF,0.12208993254561595,0.12262423660627254
RNN,0.1966443483896914,0.13744524026934743
