,train_rmse,test_rmse
Time Interpolation,0.07188217646654997,0.037111405739711646
Spline Interpolation,0.06775166500877208,0.15838371978926147
LOCF,0.053030903709083824,0.050707510118669315
RNN,0.10587384641787266,0.09231790730836667
