,train_rmse,test_rmse
Time Interpolation,0.057712465349847065,0.02506414601761851
Spline Interpolation,0.07805993822746471,0.07477199395681149
LOCF,0.036854898432844965,0.03031001593976245
RNN,0.07586356437514583,0.030921725659131667
