,train_rmse,test_rmse
Time Interpolation,0.1745068165907895,0.12632151490016078
Spline Interpolation,0.15206097306900884,0.1207462109021928
LOCF,0.21924024037092874,0.09015568344396364
RNN,0.1933038633202566,0.08231155854628847
