,train_rmse,test_rmse
Time Interpolation,0.07329933107895732,0.11101684391432674
Spline Interpolation,0.11155380649224024,0.1543501047210515
LOCF,0.08670005981481303,0.11495810403074938
RNN,0.12315746255986619,0.1258388024312379
