,train_rmse,test_rmse
Time Interpolation,0.0851579502661141,0.12065868688508459
Spline Interpolation,0.1723073562235307,0.1549334252697679
LOCF,0.04151354150329605,0.12116193153482967
RNN,0.15632015920195336,0.18455244354412872
