,train_rmse,test_rmse
Time Interpolation,0.12817767636259741,0.09445704756797595
Spline Interpolation,0.1501884652923021,0.1745286546730198
LOCF,0.16850391156550262,0.10654640594865712
RNN,0.1606011928297723,0.17452265644378692
