,train_rmse,test_rmse
Time Interpolation,0.1630395809335138,0.14096028721265452
Spline Interpolation,0.20436482326840388,0.09624277089206658
LOCF,0.17238582704138475,0.17289029932226588
RNN,0.24079622049046526,0.102521754577608
