,train_rmse,test_rmse
Time Interpolation,0.10368596385184035,0.10830596784722075
Spline Interpolation,0.1612564936232306,0.15960227144501435
LOCF,0.11267843915951055,0.11416815748957025
RNN,0.22450631481150962,0.13651507512937625
