,train_rmse,test_rmse
Time Interpolation,0.17018540977060206,0.11358009228434839
Spline Interpolation,0.21120173227031774,0.16765303282769545
LOCF,0.17555603992599011,0.12444859936599718
RNN,0.25616197778116934,0.15188141344789838
