,train_rmse,test_rmse
Time Interpolation,0.12626236295251392,0.0898309425528552
Spline Interpolation,0.1929423122306404,0.11582928307928086
LOCF,0.13099081555066533,0.09015291859810061
RNN,0.20731420963948152,0.12479492480814249
