,train_rmse,test_rmse
Time Interpolation,0.25827130271141735,0.03156812160270235
Spline Interpolation,0.2502673410858233,0.09588808187036105
LOCF,0.3385025105982082,0.03732071623951632
RNN,0.2585203836366632,0.06374289245497618
