,train_rmse,test_rmse
Time Interpolation,0.16401645506129636,0.12939066001745514
Spline Interpolation,0.17937235709263102,0.22873165031213435
LOCF,0.10446388932735805,0.1375900550110173
RNN,0.16414343625305952,0.14883762910654438
