,train_rmse,test_rmse
Time Interpolation,0.12447015445755759,0.022300199545773607
Spline Interpolation,0.1808146984522932,0.10822251963089087
LOCF,0.12623147085224282,0.029512410561403548
RNN,0.21815033649861157,0.07398470104536226
