,train_rmse,test_rmse
Time Interpolation,0.14114368766195073,0.0957410424292153
Spline Interpolation,0.11740212466273828,0.16833329998144783
LOCF,0.18924957745297658,0.11843584376471795
RNN,0.1451366257928016,0.15375153197663344
