,train_rmse,test_rmse
Time Interpolation,0.13112295093722376,0.07779779867099747
Spline Interpolation,0.12447234765224331,0.13771626704144327
LOCF,0.19861700700283963,0.0953743359797216
RNN,0.15813606279979836,0.13625069633977144
