,train_rmse,test_rmse
Time Interpolation,0.12734492674839787,0.10328446429711664
Spline Interpolation,0.1570695308077524,0.1343750157206818
LOCF,0.13534663993098175,0.09712461984517219
RNN,0.19306696892310785,0.15063410537375987
