,train_rmse,test_rmse
Time Interpolation,0.035032573029053354,0.1031164828721175
Spline Interpolation,0.10960585443489713,0.10585131122129807
LOCF,0.04675189757124031,0.18110721254052647
RNN,0.07148759909534015,0.07440389330862608
