,train_rmse,test_rmse
Time Interpolation,0.1514746615168176,0.08748829372924753
Spline Interpolation,0.17813271487284416,0.1635850974025769
LOCF,0.16564459007210444,0.10238988381482504
RNN,0.1681719353306423,0.1725728131335941
