,train_rmse,test_rmse
Time Interpolation,0.11934777924971127,0.12561336336941512
Spline Interpolation,0.17169035086879583,0.18642180688372334
LOCF,0.10518618209781591,0.1333887014771582
RNN,0.21088543099483517,0.18471564093638307
