,train_rmse,test_rmse
Time Interpolation,0.0426922186383719,0.06669313602769392
Spline Interpolation,0.12222533047435324,0.16730546101816599
LOCF,0.04900914919947608,0.08141794679819846
RNN,0.12331113152389747,0.08062969413910956
