,train_rmse,test_rmse
Time Interpolation,0.04705055594326225,0.031318436745701915
Spline Interpolation,0.14508553582988906,0.12837318005057552
LOCF,0.06333216474804114,0.0364998217463101
RNN,0.09564362083730872,0.0731126530320825
