,train_rmse,test_rmse
Time Interpolation,0.15477498039056517,0.06900140352085261
Spline Interpolation,0.24443069624586578,0.09568269923171539
LOCF,0.1655900809457849,0.10116540657772329
RNN,0.23365742461605668,0.1355292347904348
