,train_rmse,test_rmse
Time Interpolation,0.17725843105298728,0.11505400667297307
Spline Interpolation,0.25648800636318236,0.2079092689195714
LOCF,0.1920877849317857,0.12186277581222281
RNN,0.24234561005776892,0.1842840917624948
