,train_rmse,test_rmse
Time Interpolation,0.19303052127929823,0.052516175569144403
Spline Interpolation,0.27394936127460123,0.07842833798811401
LOCF,0.19549257037147663,0.07489174860664147
RNN,0.2912126875134753,0.05124350840048523
