,train_rmse,test_rmse
Time Interpolation,0.036248066152944576,0.019838829708495636
Spline Interpolation,0.12547789532235357,0.1405223348186649
LOCF,0.04668386218299588,0.023856304535131857
RNN,0.16978943284781942,0.05752566465818446
