,train_rmse,test_rmse
Time Interpolation,0.07486858523413333,0.09901016814667417
Spline Interpolation,0.13224820504268697,0.14659668206588
LOCF,0.08608528001459535,0.12198529533294211
RNN,0.18588265080125366,0.11244470029831381
