,train_rmse,test_rmse
Time Interpolation,0.15058082622175303,0.09947884018151676
Spline Interpolation,0.18069725932615827,0.24566288104800504
LOCF,0.14804396730095304,0.11049430825515841
RNN,0.22508403431971416,0.11694613376541022
