,train_rmse,test_rmse
Time Interpolation,0.06562421695617991,0.040835333482890916
Spline Interpolation,0.08516860844841956,0.10163517702880896
LOCF,0.1872081047339549,0.09461202906902713
RNN,0.10078308639315316,0.1027729033217371
