,train_rmse,test_rmse
Time Interpolation,0.18869205807676645,0.10102021153706238
Spline Interpolation,0.22717346964005108,0.11302263108004584
LOCF,0.1865450905376494,0.11244766792496198
RNN,0.2474918197898686,0.13055552483109287
