,train_rmse,test_rmse
Time Interpolation,0.11844742684322528,0.10495367549521946
Spline Interpolation,0.12081659364767258,0.12986062812042923
LOCF,0.1396284824016825,0.1044364772262645
RNN,0.14905335738244332,0.12328570142708897
