,train_rmse,test_rmse
Time Interpolation,0.09416583994269316,0.10930958924270755
Spline Interpolation,0.11834436541894912,0.15422518588776488
LOCF,0.11708221603552517,0.13842225176034603
RNN,0.14638175130307893,0.15921342395460888
