,train_rmse,test_rmse
Time Interpolation,0.046913201218947674,0.03291890628629433
Spline Interpolation,0.13702031272745321,0.11531805969618301
LOCF,0.060004415816365744,0.04020600934143061
RNN,0.10973645120134719,0.08141042784357665
