,train_rmse,test_rmse
Time Interpolation,0.09593782458516646,0.11808082455999151
Spline Interpolation,0.14048972674403562,0.20556453921511977
LOCF,0.08963181062807166,0.13479330322097108
RNN,0.17305719245607784,0.13454659218393344
