,train_rmse,test_rmse
Time Interpolation,0.09604844382176002,0.10678886147021507
Spline Interpolation,0.08624990198290802,0.14745660587750029
LOCF,0.11098576227840937,0.15115145831303672
RNN,0.13136022923468818,0.1464365534527636
