,train_rmse,test_rmse
Time Interpolation,0.17667754911750322,0.2111036707051452
Spline Interpolation,0.17887998914403397,0.2209274343833685
LOCF,0.23893204819990713,0.25712002386454225
RNN,0.2004246529568406,0.12758774668318082
