,train_rmse,test_rmse
Time Interpolation,0.12483626962462835,0.13201863321228283
Spline Interpolation,0.15867148789600508,0.16722709500662256
LOCF,0.14665075621259385,0.18188336911840433
RNN,0.15484530634857355,0.08286412093165409
