,train_rmse,test_rmse
Time Interpolation,0.08001615443011735,0.09268845545922336
Spline Interpolation,0.16104505381543213,0.2049711196375728
LOCF,0.09406445365666681,0.11904926696852029
RNN,0.18410490802058663,0.13074373942271664
