,train_rmse,test_rmse
Time Interpolation,0.08256277301929317,0.08231473470420402
Spline Interpolation,0.1638340400070761,0.12632602584469463
LOCF,0.10711537250026049,0.1000566643319279
RNN,0.158405918329858,0.11084235858901713
