,train_rmse,test_rmse
Time Interpolation,0.07168967561092934,0.19145166605511102
Spline Interpolation,0.1455608636761025,0.27842059047289325
LOCF,0.07898662744347254,0.2209210429284668
RNN,0.144032280078289,0.2150628158793196
