,train_rmse,test_rmse
Time Interpolation,0.023035116503098616,0.09947546887966364
Spline Interpolation,0.06887056909779045,0.20288018741947303
LOCF,0.024356322090886607,0.1278094498031092
RNN,0.09435377056073395,0.10957818036375437
