,train_rmse,test_rmse
Time Interpolation,0.12480016411340547,0.04928384786112161
Spline Interpolation,0.2159986264053891,0.10885056778176914
LOCF,0.1757472421002555,0.05874719018585523
RNN,0.18096408304380973,0.06989004176328457
