,train_rmse,test_rmse
Time Interpolation,0.036989097237089597,0.056385976156031734
Spline Interpolation,0.11812000657852371,0.13114077493084017
LOCF,0.04238213436651363,0.06382692151445749
RNN,0.13095280152904917,0.10297109127296102
