,train_rmse,test_rmse
Time Interpolation,0.08863008464886526,0.08517868348075885
Spline Interpolation,0.10882722455948464,0.25934672520702123
LOCF,0.11810430538416473,0.11476507122968682
RNN,0.15840922670472998,0.18028018513985142
