,train_rmse,test_rmse
Time Interpolation,0.16622440499256458,0.06862776605453738
Spline Interpolation,0.15571393181436882,0.10727903930317083
LOCF,0.14422188051799562,0.04922271955608355
RNN,0.20415264501055114,0.13192471305594597
