,train_rmse,test_rmse
Time Interpolation,0.10008048570717169,0.11600355715198195
Spline Interpolation,0.14006537541036831,0.16013474977499298
LOCF,0.16564443522116803,0.12391421735175213
RNN,0.23393702275771297,0.15776407499485998
