,train_rmse,test_rmse
Time Interpolation,0.23403962108199033,0.0975189299386739
Spline Interpolation,0.12891553006974393,0.21198623979137993
LOCF,0.3276470132464383,0.11265370050277095
RNN,0.1608963041394857,0.13737582132679874
