,train_rmse,test_rmse
Time Interpolation,0.057807596350772435,0.050931443420969204
Spline Interpolation,0.11454239911637647,0.12984424986309237
LOCF,0.07649246767073924,0.05168056758693922
RNN,0.1370510803728036,0.06907296573516072
