,train_rmse,test_rmse
Time Interpolation,0.12622645751398054,0.11299878967798634
Spline Interpolation,0.16849774484230748,0.1910537533598066
LOCF,0.13342648821783654,0.13151010248381015
RNN,0.1929561232444435,0.16673839261475903
