,train_rmse,test_rmse
Time Interpolation,0.03996560919028336,0.03582950889731588
Spline Interpolation,0.1256651097265221,0.15464537010777885
LOCF,0.0454744627575201,0.037130739624455435
RNN,0.12515105031508028,0.06889538210975885
