,train_rmse,test_rmse
Time Interpolation,0.032004176949113054,0.11628331421080783
Spline Interpolation,0.1469371369489065,0.2501137653073748
LOCF,0.03922490212139513,0.11749515600822578
RNN,0.12428550706528087,0.16370607430786685
