,train_rmse,test_rmse
Time Interpolation,0.11901510555859529,0.10201829070339806
Spline Interpolation,0.11705479060240254,0.14583258095770413
LOCF,0.10437318593782538,0.12289392533446801
RNN,0.1716997550799448,0.13305920864652637
