,train_rmse,test_rmse
Time Interpolation,0.1775239873979955,0.10018735783414219
Spline Interpolation,0.09388230161734192,0.18893703243409177
LOCF,0.08649104784496209,0.11658704202279044
RNN,0.15659793884514947,0.11006187797708777
