,train_rmse,test_rmse
Time Interpolation,0.16053951680342474,0.0857347086790223
Spline Interpolation,0.1861551505960644,0.2039550845040658
LOCF,0.19433422238481443,0.09927427454086499
RNN,0.23297517559841055,0.10774430163504412
