,train_rmse,test_rmse
Time Interpolation,0.09341808738946004,0.1043455466919099
Spline Interpolation,0.14579143041114942,0.18898384769747076
LOCF,0.10160578762476627,0.12006831627037538
RNN,0.18399425478967285,0.1527310329548765
