,train_rmse,test_rmse
Time Interpolation,0.09467925501268186,0.11760445217692923
Spline Interpolation,0.1464399389440125,0.14733387852122598
LOCF,0.11624674853780943,0.1272499499375384
RNN,0.1510853067319684,0.14304615745318788
