,train_rmse,test_rmse
Time Interpolation,0.08717384636192634,0.11424424632928387
Spline Interpolation,0.167673915186672,0.20095654496613807
LOCF,0.10779375863613432,0.10735756445372242
RNN,0.14224650516425205,0.15190443322627917
