,train_rmse,test_rmse
Time Interpolation,0.17079998521060594,0.09303069997966758
Spline Interpolation,0.19539044518865786,0.12803909143808115
LOCF,0.18614598399894394,0.11297733152542021
RNN,0.24198483471562687,0.13467483260544075
