,train_rmse,test_rmse
Time Interpolation,0.16781133068524806,0.21475663150583227
Spline Interpolation,0.19850096453212673,0.2397184434349235
LOCF,0.16683096649369927,0.20814656358373998
RNN,0.25692433960680255,0.23670778661413888
