,train_rmse,test_rmse
Time Interpolation,0.21878247465897505,0.16839442367117569
Spline Interpolation,0.35757592759104806,0.22720793330387049
LOCF,0.23766241070208274,0.18749890780559536
RNN,0.2783804109336089,0.14586531990967871
