,train_rmse,test_rmse
Time Interpolation,0.16709659904848514,0.10075301189169392
Spline Interpolation,0.16722614460525892,0.11923599171848516
LOCF,0.2293754766702751,0.14108990710613398
RNN,0.16804307290205636,0.10301740794527266
