,train_rmse,test_rmse
Time Interpolation,0.09524926297562246,0.08024213659701813
Spline Interpolation,0.1440348906074941,0.14638906148946326
LOCF,0.11393134902759658,0.1008559150382488
RNN,0.17096364047031715,0.1115287942208455
