,train_rmse,test_rmse
Time Interpolation,0.029337307458389274,0.1462722162741766
Spline Interpolation,0.10702097388493219,0.23866505120475168
LOCF,0.03714890006074422,0.15708258853344104
RNN,0.12191493943687211,0.1764536441621383
