,train_rmse,test_rmse
Time Interpolation,0.067651490308258,0.09339694602923332
Spline Interpolation,0.1619019455737925,0.1934162679302625
LOCF,0.07354289554703405,0.12555201378329012
RNN,0.1143923855775537,0.1271382640974707
