,train_rmse,test_rmse
Time Interpolation,0.0832031742156557,0.07851628151979151
Spline Interpolation,0.1347568265107681,0.09893841749371786
LOCF,0.09719579744508357,0.08288546712587973
RNN,0.2858032839081134,0.12021609829402406
