,train_rmse,test_rmse
Time Interpolation,0.1324535305171284,0.10496127310150796
Spline Interpolation,0.1458489215417694,0.2150398568206798
LOCF,0.15287647635525384,0.12066805558725012
RNN,0.2268877277671388,0.12381459267529704
