,train_rmse,test_rmse
Time Interpolation,0.09266884974701818,0.07776588378370122
Spline Interpolation,0.13948216237655206,0.21196433605495285
LOCF,0.10827101839337103,0.1054558178356539
RNN,0.17694304254146953,0.13978799237705808
