,train_rmse,test_rmse
Time Interpolation,0.10053378619928677,0.07917189999452594
Spline Interpolation,0.10424573179617028,0.11284730844170089
LOCF,0.12647628983257458,0.059893818755413664
RNN,0.11204776192373203,0.10038604602190172
