,train_rmse,test_rmse
Time Interpolation,0.09370269359095075,0.1101758021860102
Spline Interpolation,0.12353723778341122,0.18260711984672626
LOCF,0.1177254407619827,0.13091344225388352
RNN,0.23676339714555952,0.12318317204541573
