,train_rmse,test_rmse
Time Interpolation,0.10220061372909324,0.10840789677299985
Spline Interpolation,0.18568938972801402,0.214440928807713
LOCF,0.12441063053376891,0.12153678441103488
RNN,0.18425466530805737,0.12521401863162634
