,train_rmse,test_rmse
Time Interpolation,0.12850039802715837,0.03979279759593657
Spline Interpolation,0.19235079977612962,0.10960247163338528
LOCF,0.11429176762452573,0.042298547885079384
RNN,0.20489010166553984,0.07355296751550529
