,train_rmse,test_rmse
Time Interpolation,0.07697626421540084,0.09231712576661029
Spline Interpolation,0.167910317307815,0.18229351695627424
LOCF,0.09119561693877763,0.09256013151101494
RNN,0.1689485744370159,0.15911677105529248
