,train_rmse,test_rmse
Time Interpolation,0.1499077495822492,0.08782415377531527
Spline Interpolation,0.16279810542294879,0.14739552296167696
LOCF,0.15182279988948236,0.12872399178929003
RNN,0.17328878941156955,0.0771535137962082
